Model,Parameters,Layers,Residual Blocks,Conv Layers,Dense Layers,Bottlenecks,Pooling Layers,Normalization Layers,Recurrent Layers,Output Features,Training Dataset,RF25 Layer Number,RF25 Layer Name,Architecture,Crop Percentage,Family
adv_inception_v3,23834568,300,0,94,1,0,2,94,0,1000,ImageNet-1K,48,Mixed_6c.branch7x7dbl_2.conv,adv_inception_v3,0.875,inception
bat_resnext26ts,10731200,414,0,79,1,8,1,63,0,1000,ImageNet-1K,57,stages.2.1.attn.ba.conv_p,bat_resnext26ts,0.9,resnext
beit_base_patch16_224,86530984,189,0,1,49,0,0,25,12,1000,ImageNet-1K,1,patch_embed.proj,beit_base_patch16_224,0.9,beit
beit_base_patch16_224_in22k,102557713,189,0,1,49,0,0,25,12,21841,ImageNet-21K,1,patch_embed.proj,beit_base_patch16_224_in22k,0.9,beit
beit_base_patch16_384,86744104,189,0,1,49,0,0,25,12,1000,ImageNet-1K,1,patch_embed.proj,beit_base_patch16_384,1.0,beit
beit_large_patch16_224,304430568,369,0,1,97,0,0,49,24,1000,ImageNet-1K,1,patch_embed.proj,beit_large_patch16_224,0.9,beit
beit_large_patch16_224_in22k,325792593,369,0,1,97,0,0,49,24,21841,ImageNet-21K,1,patch_embed.proj,beit_large_patch16_224_in22k,0.9,beit
beit_large_patch16_384,304998888,369,0,1,97,0,0,49,24,1000,ImageNet-1K,1,patch_embed.proj,beit_large_patch16_384,1.0,beit
beit_large_patch16_512,305674728,369,0,1,97,0,0,49,24,1000,ImageNet-1K,1,patch_embed.proj,beit_large_patch16_512,1.0,beit
beitv2_base_patch16_224,86530984,189,0,1,49,0,0,25,12,1000,ImageNet-1K,1,patch_embed.proj,beitv2_base_patch16_224,0.9,beit
beitv2_base_patch16_224_in22k,102557713,189,0,1,49,0,0,25,12,21841,ImageNet-21K,1,patch_embed.proj,beitv2_base_patch16_224_in22k,0.9,beit
beitv2_large_patch16_224,304430568,369,0,1,97,0,0,49,24,1000,ImageNet-1K,1,patch_embed.proj,beitv2_large_patch16_224,0.95,beit
beitv2_large_patch16_224_in22k,325792593,369,0,1,97,0,0,49,24,21841,ImageNet-21K,1,patch_embed.proj,beitv2_large_patch16_224_in22k,0.9,beit
botnet26t_256,12488672,222,0,31,1,8,2,31,0,1000,ImageNet-1K,10,stages.0.1.conv2_kxk.conv,botnet26t_256,0.95,botnet
cait_m36_384,271221352,655,0,1,229,0,0,77,0,1000,ImageNet-1K,1,patch_embed.proj,cait_m36_384,1.0,cait
cait_m48_448,356460520,859,0,1,301,0,0,101,0,1000,ImageNet-1K,1,patch_embed.proj,cait_m48_448,1.0,cait
cait_s24_224,46916200,451,0,1,157,0,0,53,0,1000,ImageNet-1K,1,patch_embed.proj,cait_s24_224,1.0,cait
cait_s24_384,47062120,451,0,1,157,0,0,53,0,1000,ImageNet-1K,1,patch_embed.proj,cait_s24_384,1.0,cait
cait_s36_384,68366632,655,0,1,229,0,0,77,0,1000,ImageNet-1K,1,patch_embed.proj,cait_s36_384,1.0,cait
cait_xs24_384,26670088,451,0,1,157,0,0,53,0,1000,ImageNet-1K,1,patch_embed.proj,cait_xs24_384,1.0,cait
cait_xxs24_224,11956264,451,0,1,157,0,0,53,0,1000,ImageNet-1K,1,patch_embed.proj,cait_xxs24_224,1.0,cait
cait_xxs24_384,12029224,451,0,1,157,0,0,53,0,1000,ImageNet-1K,1,patch_embed.proj,cait_xxs24_384,1.0,cait
cait_xxs36_224,17299720,655,0,1,229,0,0,77,0,1000,ImageNet-1K,1,patch_embed.proj,cait_xxs36_224,1.0,cait
cait_xxs36_384,17372680,655,0,1,229,0,0,77,0,1000,ImageNet-1K,1,patch_embed.proj,cait_xxs36_384,1.0,cait
coat_lite_mini,11011560,167,0,20,33,0,0,21,0,1000,ImageNet-1K,10,crpe1.conv_list.1,coat_lite_mini,0.9,coat
coat_lite_small,19838504,287,0,20,65,0,0,37,0,1000,ImageNet-1K,10,crpe1.conv_list.1,coat_lite_small,0.9,coat
coat_lite_tiny,5721960,167,0,20,33,0,0,21,0,1000,ImageNet-1K,10,crpe1.conv_list.1,coat_lite_tiny,0.9,coat
coat_mini,10337004,345,0,20,81,0,0,59,0,1000,ImageNet-1K,10,crpe1.conv_list.1,coat_mini,0.9,coat
coat_tiny,5498540,345,0,20,81,0,0,59,0,1000,ImageNet-1K,10,crpe1.conv_list.1,coat_tiny,0.9,coat
coatnet_0_rw_224,27435562,333,0,67,1,0,8,35,18,1000,ImageNet-1K,2,stem.conv2,coatnet_0_rw_224,0.95,coatnet
coatnet_1_rw_224,41721502,535,0,110,1,0,6,58,32,1000,ImageNet-1K,16,stages.1.blocks.0.conv2_kxk,coatnet_1_rw_224,0.95,coatnet
coatnet_bn_0_rw_224,27435562,329,0,67,1,0,6,35,18,1000,ImageNet-1K,5,stages.0.blocks.0.conv2_kxk,coatnet_bn_0_rw_224,0.95,coatnet
coatnet_nano_rw_224,15141244,377,0,76,1,0,8,41,18,1000,ImageNet-1K,2,stem.conv2,coatnet_nano_rw_224,0.9,coatnet
coatnet_rmlp_1_rw_224,41691982,651,0,110,33,0,8,58,32,1000,ImageNet-1K,33,stages.1.blocks.3.conv2_kxk,coatnet_rmlp_1_rw_224,0.95,coatnet
coatnet_rmlp_nano_rw_224,15145116,436,0,76,19,0,6,41,18,1000,ImageNet-1K,9,stages.0.blocks.1.conv2_kxk,coatnet_rmlp_nano_rw_224,0.9,coatnet
convit_base,86540040,208,0,1,69,0,0,25,0,1000,ImageNet-1K,1,patch_embed.proj,convit_base,None,convit
convit_small,27777322,208,0,1,69,0,0,25,0,1000,ImageNet-1K,1,patch_embed.proj,convit_small,None,convit
convit_tiny,5710512,208,0,1,69,0,0,25,0,1000,ImageNet-1K,1,patch_embed.proj,convit_tiny,None,convit
convmixer_768_32,21110248,298,0,65,1,0,0,65,0,1000,ImageNet-1K,16,blocks.7.0.fn.0,convmixer_768_32,0.96,convmixer
convmixer_1024_20_ks9_p14,24383464,190,0,41,1,0,0,41,0,1000,ImageNet-1K,10,blocks.4.0.fn.0,convmixer_1024_20_ks9_p14,0.96,convmixer
convmixer_1536_20,51625960,190,0,41,1,0,0,41,0,1000,ImageNet-1K,10,blocks.4.0.fn.0,convmixer_1536_20,0.96,convmixer
convnext_atto,3695520,152,0,40,1,0,0,17,0,1000,ImageNet-1K,16,stages.2.blocks.0.conv_dw,convnext_atto,0.875,convnext
convnext_atto_ols,3702912,153,0,41,1,0,0,17,0,1000,ImageNet-1K,17,stages.2.blocks.0.conv_dw,convnext_atto_ols,0.875,convnext
convnext_base,88591464,392,0,40,73,0,0,41,0,1000,ImageNet-1K,15,stages.2.blocks.5.conv_dw,convnext_base,0.875,convnext
convnext_base_384_in22ft1k,88591464,392,0,40,73,0,0,41,0,1000,ImageNet-1K,15,stages.2.blocks.5.conv_dw,convnext_base_384_in22ft1k,1.0,convnext
convnext_base_in22ft1k,88591464,392,0,40,73,0,0,41,0,1000,ImageNet-1K,15,stages.2.blocks.5.conv_dw,convnext_base_in22ft1k,0.875,convnext
convnext_base_in22k,109953489,392,0,40,73,0,0,41,0,21841,ImageNet-21K,15,stages.2.blocks.5.conv_dw,convnext_base_in22k,0.875,convnext
convnext_femto,5217784,152,0,40,1,0,0,17,0,1000,ImageNet-1K,16,stages.2.blocks.0.conv_dw,convnext_femto,0.875,convnext
convnext_femto_ols,5226520,153,0,41,1,0,0,17,0,1000,ImageNet-1K,17,stages.2.blocks.0.conv_dw,convnext_femto_ols,0.875,convnext
convnext_large,197767336,392,0,40,73,0,0,41,0,1000,ImageNet-1K,15,stages.2.blocks.5.conv_dw,convnext_large,0.875,convnext
convnext_large_384_in22ft1k,197767336,392,0,40,73,0,0,41,0,1000,ImageNet-1K,15,stages.2.blocks.5.conv_dw,convnext_large_384_in22ft1k,1.0,convnext
convnext_large_in22ft1k,197767336,392,0,40,73,0,0,41,0,1000,ImageNet-1K,15,stages.2.blocks.5.conv_dw,convnext_large_in22ft1k,0.875,convnext
convnext_large_in22k,229799953,392,0,40,73,0,0,41,0,21841,ImageNet-21K,15,stages.2.blocks.5.conv_dw,convnext_large_in22k,0.875,convnext
convnext_nano,15593560,172,0,46,1,0,0,19,0,1000,ImageNet-1K,19,stages.2.blocks.1.conv_dw,convnext_nano,0.95,convnext
convnext_nano_ols,15649560,173,0,47,1,0,0,19,0,1000,ImageNet-1K,20,stages.2.blocks.1.conv_dw,convnext_nano_ols,0.95,convnext
convnext_pico,9045672,152,0,40,1,0,0,17,0,1000,ImageNet-1K,16,stages.2.blocks.0.conv_dw,convnext_pico,0.875,convnext
convnext_pico_ols,9061928,153,0,41,1,0,0,17,0,1000,ImageNet-1K,17,stages.2.blocks.0.conv_dw,convnext_pico_ols,0.95,convnext
convnext_small,50223688,392,0,40,73,0,0,41,0,1000,ImageNet-1K,15,stages.2.blocks.5.conv_dw,convnext_small,0.875,convnext
convnext_small_384_in22ft1k,50223688,392,0,40,73,0,0,41,0,1000,ImageNet-1K,15,stages.2.blocks.5.conv_dw,convnext_small_384_in22ft1k,1.0,convnext
convnext_small_in22ft1k,50223688,392,0,40,73,0,0,41,0,1000,ImageNet-1K,15,stages.2.blocks.5.conv_dw,convnext_small_in22ft1k,0.875,convnext
convnext_small_in22k,66250417,392,0,40,73,0,0,41,0,21841,ImageNet-21K,15,stages.2.blocks.5.conv_dw,convnext_small_in22k,0.875,convnext
convnext_tiny,28589128,212,0,22,37,0,0,23,0,1000,ImageNet-1K,11,stages.2.blocks.1.conv_dw,convnext_tiny,0.875,convnext
convnext_tiny_384_in22ft1k,28589128,212,0,22,37,0,0,23,0,1000,ImageNet-1K,11,stages.2.blocks.1.conv_dw,convnext_tiny_384_in22ft1k,1.0,convnext
convnext_tiny_hnf,28589128,212,0,58,1,0,0,23,0,1000,ImageNet-1K,25,stages.2.blocks.1.conv_dw,convnext_tiny_hnf,0.95,convnext
convnext_tiny_in22ft1k,28589128,212,0,22,37,0,0,23,0,1000,ImageNet-1K,11,stages.2.blocks.1.conv_dw,convnext_tiny_in22ft1k,0.875,convnext
convnext_tiny_in22k,44615857,212,0,22,37,0,0,23,0,21841,ImageNet-21K,11,stages.2.blocks.1.conv_dw,convnext_tiny_in22k,0.875,convnext
convnext_xlarge_384_in22ft1k,350196968,392,0,40,73,0,0,41,0,1000,ImageNet-1K,15,stages.2.blocks.5.conv_dw,convnext_xlarge_384_in22ft1k,1.0,convnext
convnext_xlarge_in22ft1k,350196968,392,0,40,73,0,0,41,0,1000,ImageNet-1K,15,stages.2.blocks.5.conv_dw,convnext_xlarge_in22ft1k,0.875,convnext
convnext_xlarge_in22k,392900177,392,0,40,73,0,0,41,0,21841,ImageNet-21K,15,stages.2.blocks.5.conv_dw,convnext_xlarge_in22k,0.875,convnext
crossvit_9_240,8553296,359,0,2,86,0,0,44,24,1000,ImageNet-1K,1,patch_embed.0.proj,crossvit_9_240,0.875,crossvit
crossvit_9_dagger_240,8776592,369,0,6,86,0,0,44,24,1000,ImageNet-1K,4,patch_embed.1.proj.0,crossvit_9_dagger_240,0.875,crossvit
crossvit_15_240,27528464,467,0,2,110,0,0,56,30,1000,ImageNet-1K,1,patch_embed.0.proj,crossvit_15_240,0.875,crossvit
crossvit_15_dagger_240,28209008,477,0,6,110,0,0,56,30,1000,ImageNet-1K,4,patch_embed.1.proj.0,crossvit_15_dagger_240,0.875,crossvit
crossvit_15_dagger_408,28500080,477,0,6,110,0,0,56,30,1000,ImageNet-1K,4,patch_embed.1.proj.0,crossvit_15_dagger_408,1.0,crossvit
crossvit_18_240,43271408,521,0,2,122,0,0,62,33,1000,ImageNet-1K,1,patch_embed.0.proj,crossvit_18_240,0.875,crossvit
crossvit_18_dagger_240,44266976,531,0,6,122,0,0,62,33,1000,ImageNet-1K,4,patch_embed.1.proj.0,crossvit_18_dagger_240,0.875,crossvit
crossvit_18_dagger_408,44606560,531,0,6,122,0,0,62,33,1000,ImageNet-1K,4,patch_embed.1.proj.0,crossvit_18_dagger_408,1.0,crossvit
crossvit_base_240,105025232,413,0,2,98,0,0,50,27,1000,ImageNet-1K,1,patch_embed.0.proj,crossvit_base_240,0.875,crossvit
crossvit_small_240,26856272,413,0,2,98,0,0,50,27,1000,ImageNet-1K,1,patch_embed.0.proj,crossvit_small_240,0.875,crossvit
crossvit_tiny_240,7014800,413,0,2,98,0,0,50,27,1000,ImageNet-1K,1,patch_embed.0.proj,crossvit_tiny_240,0.875,crossvit
cs3darknet_focus_l,21151720,359,0,55,1,0,0,55,0,1000,ImageNet-1K,26,stages.2.conv_down.conv,cs3darknet_focus_l,0.887,darknet
cs3darknet_focus_m,9304360,268,0,41,1,0,0,41,0,1000,ImageNet-1K,20,stages.2.conv_down.conv,cs3darknet_focus_m,0.887,darknet
cs3darknet_l,21164168,364,0,56,1,0,0,56,0,1000,ImageNet-1K,27,stages.2.conv_down.conv,cs3darknet_l,0.887,darknet
cs3darknet_m,9310240,273,0,42,1,0,0,42,0,1000,ImageNet-1K,21,stages.2.conv_down.conv,cs3darknet_m,0.887,darknet
cs3darknet_x,35046320,403,0,62,1,0,0,62,0,1000,ImageNet-1K,29,stages.2.conv_down.conv,cs3darknet_x,0.95,darknet
cs3edgenet_x,47821120,403,0,62,1,0,0,62,0,1000,ImageNet-1K,29,stages.2.conv_down.conv,cs3edgenet_x,0.887,edgenet
cs3se_edgenet_x,50721584,523,0,110,1,0,0,62,0,1000,ImageNet-1K,49,stages.2.conv_down.conv,cs3se_edgenet_x,0.95,edgenet
cs3sedarknet_l,21913592,469,0,98,1,0,0,56,0,1000,ImageNet-1K,45,stages.2.conv_down.conv,cs3sedarknet_l,0.887,darknet
cs3sedarknet_x,35397904,523,0,110,1,0,0,62,0,1000,ImageNet-1K,49,stages.2.conv_down.conv,cs3sedarknet_x,0.887,darknet
cspdarknet53,27642184,428,0,67,1,0,0,67,0,1000,ImageNet-1K,36,stages.3.conv_down.conv,cspdarknet53,0.887,darknet
cspresnet50,21616168,362,0,55,1,13,1,55,0,1000,ImageNet-1K,28,stages.2.conv_down.conv,cspresnet50,0.887,resnet
cspresnext50,20569896,362,0,55,1,13,1,55,0,1000,ImageNet-1K,28,stages.2.conv_down.conv,cspresnext50,0.887,resnext
darknet53,41609928,353,0,52,1,0,0,52,0,1000,ImageNet-1K,27,stages.3.conv_down.conv,darknet53,0.887,darknet
darknetaa53,36022984,363,0,52,1,0,5,52,0,1000,ImageNet-1K,14,stages.2.blocks.1.conv2.conv,darknetaa53,0.887,darknet
deit3_base_patch16_224,86585320,226,0,1,49,0,0,25,13,1000,ImageNet-1K,1,patch_embed.proj,deit3_base_patch16_224,0.9,deit
deit3_base_patch16_224_in21ft1k,86585320,226,0,1,49,0,0,25,13,1000,ImageNet-1K,1,patch_embed.proj,deit3_base_patch16_224_in21ft1k,1.0,deit
deit3_base_patch16_384,86877160,226,0,1,49,0,0,25,13,1000,ImageNet-1K,1,patch_embed.proj,deit3_base_patch16_384,1.0,deit
deit3_base_patch16_384_in21ft1k,86877160,226,0,1,49,0,0,25,13,1000,ImageNet-1K,1,patch_embed.proj,deit3_base_patch16_384_in21ft1k,1.0,deit
deit3_huge_patch14_224,632126440,586,0,1,129,0,0,65,33,1000,ImageNet-1K,1,patch_embed.proj,deit3_huge_patch14_224,0.9,deit
deit3_huge_patch14_224_in21ft1k,632126440,586,0,1,129,0,0,65,33,1000,ImageNet-1K,1,patch_embed.proj,deit3_huge_patch14_224_in21ft1k,1.0,deit
deit3_large_patch16_224,304374760,442,0,1,97,0,0,49,25,1000,ImageNet-1K,1,patch_embed.proj,deit3_large_patch16_224,0.9,deit
deit3_large_patch16_224_in21ft1k,304374760,442,0,1,97,0,0,49,25,1000,ImageNet-1K,1,patch_embed.proj,deit3_large_patch16_224_in21ft1k,1.0,deit
deit3_large_patch16_384,304763880,442,0,1,97,0,0,49,25,1000,ImageNet-1K,1,patch_embed.proj,deit3_large_patch16_384,1.0,deit
deit3_large_patch16_384_in21ft1k,304763880,442,0,1,97,0,0,49,25,1000,ImageNet-1K,1,patch_embed.proj,deit3_large_patch16_384_in21ft1k,1.0,deit
deit3_medium_patch16_224,38849512,226,0,1,49,0,0,25,13,1000,ImageNet-1K,1,patch_embed.proj,deit3_medium_patch16_224,0.9,deit
deit3_medium_patch16_224_in21ft1k,38849512,226,0,1,49,0,0,25,13,1000,ImageNet-1K,1,patch_embed.proj,deit3_medium_patch16_224_in21ft1k,1.0,deit
deit3_small_patch16_224,22059496,226,0,1,49,0,0,25,13,1000,ImageNet-1K,1,patch_embed.proj,deit3_small_patch16_224,0.9,deit
deit3_small_patch16_224_in21ft1k,22059496,226,0,1,49,0,0,25,13,1000,ImageNet-1K,1,patch_embed.proj,deit3_small_patch16_224_in21ft1k,1.0,deit
deit3_small_patch16_384,22205416,226,0,1,49,0,0,25,13,1000,ImageNet-1K,1,patch_embed.proj,deit3_small_patch16_384,1.0,deit
deit3_small_patch16_384_in21ft1k,22205416,226,0,1,49,0,0,25,13,1000,ImageNet-1K,1,patch_embed.proj,deit3_small_patch16_384_in21ft1k,1.0,deit
deit_base_distilled_patch16_224,87338192,227,0,1,50,0,0,25,13,1000,ImageNet-1K,1,patch_embed.proj,deit_base_distilled_patch16_224,0.9,deit
deit_base_distilled_patch16_384,87630032,227,0,1,50,0,0,25,13,1000,ImageNet-1K,1,patch_embed.proj,deit_base_distilled_patch16_384,1.0,deit
deit_base_patch16_224,86567656,226,0,1,49,0,0,25,13,1000,ImageNet-1K,1,patch_embed.proj,deit_base_patch16_224,0.9,deit
deit_base_patch16_384,86859496,226,0,1,49,0,0,25,13,1000,ImageNet-1K,1,patch_embed.proj,deit_base_patch16_384,1.0,deit
deit_small_distilled_patch16_224,22436432,227,0,1,50,0,0,25,13,1000,ImageNet-1K,1,patch_embed.proj,deit_small_distilled_patch16_224,0.9,deit
deit_small_patch16_224,22050664,226,0,1,49,0,0,25,13,1000,ImageNet-1K,1,patch_embed.proj,deit_small_patch16_224,0.9,deit
deit_tiny_distilled_patch16_224,5910800,227,0,1,50,0,0,25,13,1000,ImageNet-1K,1,patch_embed.proj,deit_tiny_distilled_patch16_224,0.9,deit
deit_tiny_patch16_224,5717416,226,0,1,49,0,0,25,13,1000,ImageNet-1K,1,patch_embed.proj,deit_tiny_patch16_224,0.9,deit
densenet121,7978856,558,0,120,1,0,4,121,0,1000,ImageNet-1K,29,features.denseblock2.denselayer7.conv2,densenet121,0.875,densenet
densenet161,28681000,738,0,160,1,0,4,161,0,1000,ImageNet-1K,39,features.denseblock2.denselayer12.conv2,densenet161,0.875,densenet
densenet169,14149480,774,0,168,1,0,4,169,0,1000,ImageNet-1K,42,features.denseblock3.denselayer1.conv2,densenet169,0.875,densenet
densenet201,20013928,918,0,200,1,0,4,201,0,1000,ImageNet-1K,50,features.denseblock3.denselayer5.conv2,densenet201,0.875,densenet
densenetblur121d,7998088,568,0,122,1,0,4,123,0,1000,ImageNet-1K,29,features.denseblock2.denselayer6.conv2,densenetblur121d,0.875,densenet
dla34,15742104,146,0,38,0,0,6,37,0,1000,ImageNet-1K,32,level4.tree2.tree1.conv1,dla34,0.875,dla
dla46_c,1301400,168,0,49,0,12,6,48,0,1000,ImageNet-1K,36,level4.tree1.tree2.conv2,dla46_c,0.875,dla
dla46x_c,1068440,168,0,49,0,12,6,48,0,1000,ImageNet-1K,36,level4.tree1.tree2.conv2,dla46x_c,0.875,dla
dla60,22036632,222,0,64,0,16,7,63,0,1000,ImageNet-1K,45,level4.tree1.tree2.tree2.conv2,dla60,0.875,dla
dla60_res2net,20848072,322,0,96,0,0,11,95,0,1000,ImageNet-1K,86,level4.tree2.tree2.tree2.convs.1,dla60_res2net,0.875,res2net
dla60_res2next,17032984,322,0,96,0,0,11,95,0,1000,ImageNet-1K,86,level4.tree2.tree2.tree2.convs.1,dla60_res2next,0.875,res2next
dla60x,17352344,222,0,64,0,16,7,63,0,1000,ImageNet-1K,45,level4.tree1.tree2.tree2.conv2,dla60x,0.875,dla
dla60x_c,1319832,220,0,63,0,16,7,62,0,1000,ImageNet-1K,44,level4.tree1.tree2.tree2.conv2,dla60x_c,0.875,dla
dla102,33268888,378,0,106,0,28,9,105,0,1000,ImageNet-1K,68,level4.tree1.tree2.tree1.tree2.conv2,dla102,0.875,dla
dla102x,26309272,378,0,106,0,28,9,105,0,1000,ImageNet-1K,68,level4.tree1.tree2.tree1.tree2.conv2,dla102x,0.875,dla
dla102x2,41282200,378,0,106,0,28,9,105,0,1000,ImageNet-1K,68,level4.tree1.tree2.tree1.tree2.conv2,dla102x2,0.875,dla
dla169,53389720,612,0,169,0,46,11,168,0,1000,ImageNet-1K,91,level4.tree1.tree2.tree1.tree1.tree2.conv2,dla169,0.875,dla
dm_nfnet_f0,71489284,226,0,81,1,0,3,0,0,1000,ImageNet-1K,34,stages.2.1.conv2b,dm_nfnet_f0,0.9,nfnet
dm_nfnet_f1,132634256,418,0,153,1,0,3,0,0,1000,ImageNet-1K,64,stages.2.3.conv2b,dm_nfnet_f1,0.91,nfnet
dm_nfnet_f2,193779228,610,0,225,1,0,3,0,0,1000,ImageNet-1K,94,stages.2.5.conv2b,dm_nfnet_f2,0.92,nfnet
dm_nfnet_f3,254924200,802,0,297,1,0,3,0,0,1000,ImageNet-1K,124,stages.2.7.conv2b,dm_nfnet_f3,0.94,nfnet
dm_nfnet_f4,316069172,994,0,369,1,0,3,0,0,1000,ImageNet-1K,159,stages.2.10.conv2,dm_nfnet_f4,0.951,nfnet
dm_nfnet_f5,377214144,1186,0,441,1,0,3,0,0,1000,ImageNet-1K,189,stages.2.12.conv2,dm_nfnet_f5,0.954,nfnet
dm_nfnet_f6,438359116,1378,0,513,1,0,3,0,0,1000,ImageNet-1K,219,stages.2.14.conv2,dm_nfnet_f6,0.956,nfnet
dpn68,12611602,389,0,72,0,0,1,72,0,1000,ImageNet-1K,40,features.conv4_5.c3x3_b.conv,dpn68,0.875,dpn
dpn68b,12611602,411,0,94,0,0,1,72,0,1000,ImageNet-1K,51,features.conv4_5.c3x3_b.conv,dpn68b,0.875,dpn
dpn92,37668392,517,0,96,0,0,1,96,0,1000,ImageNet-1K,46,features.conv4_7.c3x3_b.conv,dpn92,0.875,dpn
dpn98,61570728,549,0,102,0,0,1,102,0,1000,ImageNet-1K,52,features.conv4_7.c3x3_b.conv,dpn98,0.875,dpn
dpn107,86917800,597,0,111,0,0,1,111,0,1000,ImageNet-1K,58,features.conv4_6.c3x3_b.conv,dpn107,0.875,dpn
dpn131,79254504,725,0,135,0,0,1,135,0,1000,ImageNet-1K,64,features.conv4_8.c3x3_b.conv,dpn131,0.875,dpn
eca_botnext26ts_256,10593301,232,0,31,1,8,2,31,0,1000,ImageNet-1K,10,stages.0.1.conv2_kxk.conv,eca_botnext26ts_256,0.95,botnext
eca_halonext26ts,10756885,235,0,34,1,5,1,31,0,1000,ImageNet-1K,10,stages.0.1.conv2_kxk.conv,eca_halonext26ts,0.94,halonext
eca_nfnet_l0,24143924,190,0,57,1,0,3,0,0,1000,ImageNet-1K,26,stages.2.1.conv2b,eca_nfnet_l0,1.0,nfnet
eca_nfnet_l1,41407728,346,0,105,1,0,3,0,0,1000,ImageNet-1K,46,stages.2.3.conv2b,eca_nfnet_l1,1.0,nfnet
eca_nfnet_l2,56722348,502,0,153,1,0,3,0,0,1000,ImageNet-1K,66,stages.2.5.conv2b,eca_nfnet_l2,1.0,nfnet
eca_resnet33ts,19676302,289,0,38,1,10,0,38,0,1000,ImageNet-1K,26,stages.2.1.conv2_kxk.conv,eca_resnet33ts,0.9,resnet
eca_resnext26ts,10297988,238,0,31,1,8,1,31,0,1000,ImageNet-1K,24,stages.2.1.conv2_kxk.conv,eca_resnext26ts,0.9,resnext
ecaresnet26t,16011916,156,8,31,1,8,4,31,0,1000,ImageNet-1K,17,layer2.1.conv2,ecaresnet26t,0.95,resnet
ecaresnet50d,25576350,276,16,55,1,16,4,55,0,1000,ImageNet-1K,29,layer3.0.conv2,ecaresnet50d,0.875,resnet
ecaresnet50d_pruned,19939713,276,16,55,1,16,4,55,0,1000,ImageNet-1K,29,layer3.0.conv2,ecaresnet50d_pruned,0.875,resnet
ecaresnet50t,25573814,276,16,55,1,16,4,55,0,1000,ImageNet-1K,29,layer3.0.conv2,ecaresnet50t,0.95,resnet
ecaresnet101d,44568563,531,33,106,1,33,4,106,0,1000,ImageNet-1K,42,layer3.4.conv2,ecaresnet101d,0.875,resnet
ecaresnet101d_pruned,24876040,531,33,106,1,33,4,106,0,1000,ImageNet-1K,42,layer3.4.conv2,ecaresnet101d_pruned,0.875,resnet
ecaresnet269d,102093077,1371,89,274,1,89,4,274,0,1000,ImageNet-1K,117,layer3.3.conv2,ecaresnet269d,1.0,resnet
ecaresnetlight,30162046,269,16,53,1,16,4,53,0,1000,ImageNet-1K,22,layer3.3.conv2,ecaresnetlight,0.875,resnet
edgenext_base,18511292,238,0,26,43,0,0,26,0,1000,ImageNet-1K,13,stages.2.blocks.2.conv_dw,edgenext_base,0.95,edgenext
edgenext_small,5586832,238,0,26,43,0,0,26,0,1000,ImageNet-1K,13,stages.2.blocks.2.conv_dw,edgenext_small,0.95,edgenext
edgenext_small_rw,7826512,232,0,23,43,0,0,23,0,1000,ImageNet-1K,11,stages.2.blocks.2.conv_dw,edgenext_small_rw,0.9,edgenext
edgenext_x_small,2336804,238,0,26,43,0,0,26,0,1000,ImageNet-1K,13,stages.2.blocks.2.conv_dw,edgenext_x_small,0.9,edgenext
edgenext_xx_small,1327216,178,0,20,31,0,0,20,0,1000,ImageNet-1K,10,stages.2.blocks.1.conv_dw,edgenext_xx_small,0.9,edgenext
efficientformer_l1,12289928,228,0,33,6,0,14,36,1,1000,ImageNet-1K,9,stages.1.downsample.conv,efficientformer_l1,0.95,efficientformer
efficientformer_l3,31406000,377,0,49,18,0,22,58,4,1000,ImageNet-1K,11,stages.1.downsample.conv,efficientformer_l3,0.95,efficientformer
efficientformer_l7,82229328,541,0,65,34,0,30,82,8,1000,ImageNet-1K,15,stages.1.downsample.conv,efficientformer_l7,0.95,efficientformer
efficientnet_b0,5288548,321,0,81,1,0,0,49,0,1000,ImageNet-1K,42,blocks.4.0.conv_dw,efficientnet_b0,0.875,efficientnet
efficientnet_b1,7794184,450,0,115,1,0,0,69,0,1000,ImageNet-1K,61,blocks.4.0.conv_dw,efficientnet_b1,1.0,efficientnet
efficientnet_b1_pruned,6331916,450,0,115,1,0,0,69,0,1000,ImageNet-1K,61,blocks.4.0.conv_dw,efficientnet_b1_pruned,0.882,efficientnet
efficientnet_b2,9109994,450,0,115,1,0,0,69,0,1000,ImageNet-1K,61,blocks.4.0.conv_dw,efficientnet_b2,1.0,efficientnet
efficientnet_b2_pruned,8309737,450,0,115,1,0,0,69,0,1000,ImageNet-1K,61,blocks.4.0.conv_dw,efficientnet_b2_pruned,0.89,efficientnet
efficientnet_b3,12233232,507,0,130,1,0,0,78,0,1000,ImageNet-1K,71,blocks.4.1.conv_dw,efficientnet_b3,1.0,efficientnet
efficientnet_b3_pruned,9855020,507,0,130,1,0,0,78,0,1000,ImageNet-1K,71,blocks.4.1.conv_dw,efficientnet_b3_pruned,0.904,efficientnet
efficientnet_b4,19341616,621,0,160,1,0,0,96,0,1000,ImageNet-1K,86,blocks.4.1.conv_dw,efficientnet_b4,1.0,efficientnet
efficientnet_el,10589712,381,0,72,1,0,0,72,0,1000,ImageNet-1K,31,blocks.3.2.conv_dw,efficientnet_el,0.904,efficientnet
efficientnet_el_pruned,10589712,381,0,72,1,0,0,72,0,1000,ImageNet-1K,31,blocks.3.2.conv_dw,efficientnet_el_pruned,0.904,efficientnet
efficientnet_em,6899496,340,0,64,1,0,0,64,0,1000,ImageNet-1K,29,blocks.3.2.conv_dw,efficientnet_em,0.882,efficientnet
efficientnet_es,5438392,262,0,49,1,0,0,49,0,1000,ImageNet-1K,20,blocks.3.1.conv_dw,efficientnet_es,0.875,efficientnet
efficientnet_es_pruned,5438392,262,0,49,1,0,0,49,0,1000,ImageNet-1K,20,blocks.3.1.conv_dw,efficientnet_es_pruned,0.875,efficientnet
efficientnet_lite0,4652008,257,0,49,1,0,0,49,0,1000,ImageNet-1K,26,blocks.4.0.conv_dw,efficientnet_lite0,0.875,efficientnet
efficientnetv2_rw_m,53236442,1056,0,263,1,0,0,169,0,1000,ImageNet-1K,99,blocks.4.6.conv_dw,efficientnetv2_rw_m,1.0,efficientnet
efficientnetv2_rw_s,23941296,700,0,172,1,0,0,112,0,1000,ImageNet-1K,63,blocks.4.2.conv_dw,efficientnetv2_rw_s,1.0,efficientnet
efficientnetv2_rw_t,13649388,671,0,165,1,0,0,107,0,1000,ImageNet-1K,61,blocks.4.2.conv_dw,efficientnetv2_rw_t,1.0,efficientnet
ens_adv_inception_resnet_v2,55843464,1008,0,244,1,0,5,204,0,1000,ImageNet-1K,183,repeat_1.18.branch1.2.conv,ens_adv_inception_resnet_v2,0.8975,inception_resnet
ese_vovnet19b_dw,6543080,169,0,41,1,0,3,23,0,1000,ImageNet-1K,25,stages.2.pool,ese_vovnet19b_dw,0.875,vovnet
ese_vovnet39b,24568936,239,0,43,1,0,3,39,0,1000,ImageNet-1K,23,stages.2.blocks.0.conv_mid.3.conv,ese_vovnet39b,0.875,vovnet
fbnetc_100,5572200,336,0,65,1,0,0,65,0,1000,ImageNet-1K,33,blocks.3.2.conv_dw,fbnetc_100,0.875,fbnet
fbnetv3_b,8598464,525,0,124,1,0,0,87,0,1000,ImageNet-1K,56,blocks.3.4.conv_dw,fbnetv3_b,0.95,fbnet
fbnetv3_d,10306272,574,0,135,1,0,0,96,0,1000,ImageNet-1K,70,blocks.4.1.conv_dw,fbnetv3_d,0.95,fbnet
fbnetv3_g,16623888,646,0,154,1,0,0,107,0,1000,ImageNet-1K,69,blocks.4.1.conv_dw,fbnetv3_g,0.95,fbnet
gc_efficientnetv2_rw_t,13677713,787,0,194,1,0,0,136,0,1000,ImageNet-1K,69,blocks.4.2.conv_dw,gc_efficientnetv2_rw_t,1.0,efficientnet
gcresnet33ts,19880698,349,0,68,1,10,0,48,0,1000,ImageNet-1K,44,stages.2.1.conv2_kxk.conv,gcresnet33ts,0.9,resnet
gcresnet50t,25897080,525,0,103,1,16,0,71,0,1000,ImageNet-1K,68,stages.2.3.conv2_kxk.conv,gcresnet50t,0.9,resnet
gcresnext26ts,10476600,286,0,55,1,8,1,39,0,1000,ImageNet-1K,39,stages.2.1.conv2_kxk.conv,gcresnext26ts,0.9,resnext
gcresnext50ts,15667320,526,0,103,1,16,1,71,0,1000,ImageNet-1K,63,stages.2.2.conv2_kxk.conv,gcresnext50ts,0.9,resnext
gcvit_base,90320836,755,0,49,125,0,5,71,31,1000,ImageNet-1K,41,stages.2.downsample.reduction,gcvit_base,0.875,gcvit
gcvit_small,51092173,755,0,49,125,0,5,71,31,1000,ImageNet-1K,41,stages.2.downsample.reduction,gcvit_small,0.875,gcvit
gcvit_tiny,28221974,755,0,49,125,0,5,71,31,1000,ImageNet-1K,41,stages.2.downsample.reduction,gcvit_tiny,0.875,gcvit
gcvit_xtiny,19981294,508,0,49,73,0,5,45,18,1000,ImageNet-1K,41,stages.2.downsample.reduction,gcvit_xtiny,0.875,gcvit
gcvit_xxtiny,11995428,394,0,49,49,0,5,33,12,1000,ImageNet-1K,41,stages.2.downsample.reduction,gcvit_xxtiny,0.875,gcvit
gernet_l,31078280,417,3,57,1,15,0,57,0,1000,ImageNet-1K,31,stages.3.0.conv2_kxk.conv,gernet_l,0.875,gernet
gernet_m,21142920,329,3,45,1,11,0,45,0,1000,ImageNet-1K,27,stages.2.5.conv2_kxk.conv,gernet_m,0.875,gernet
gernet_s,8173761,327,4,45,1,10,0,45,0,1000,ImageNet-1K,23,stages.2.3.conv2_kxk.conv,gernet_s,0.875,gernet
ghostnet_100,5182508,411,0,95,1,16,0,80,0,1000,ImageNet-1K,64,blocks.6.4.ghost2.cheap_operation.0,ghostnet_100,0.875,ghostnet
gluon_inception_v3,23834568,300,0,94,1,0,2,94,0,1000,ImageNet-1K,48,Mixed_6c.branch7x7dbl_2.conv,gluon_inception_v3,0.875,inception
gluon_resnet18_v1b,11689512,94,8,20,1,0,1,20,0,1000,ImageNet-1K,16,layer3.1.conv2,gluon_resnet18_v1b,0.875,resnet
gluon_resnet34_v1b,21797672,166,16,36,1,0,1,36,0,1000,ImageNet-1K,25,layer3.3.conv1,gluon_resnet34_v1b,0.875,resnet
gluon_resnet50_v1b,25557032,217,16,53,1,16,1,53,0,1000,ImageNet-1K,34,layer3.2.conv2,gluon_resnet50_v1b,0.875,resnet
gluon_resnet50_v1c,25576264,224,16,55,1,16,1,55,0,1000,ImageNet-1K,36,layer3.2.conv2,gluon_resnet50_v1c,0.875,resnet
gluon_resnet50_v1d,25576264,228,16,55,1,16,4,55,0,1000,ImageNet-1K,29,layer3.0.conv2,gluon_resnet50_v1d,0.875,resnet
gluon_resnet50_v1s,25680808,224,16,55,1,16,1,55,0,1000,ImageNet-1K,36,layer3.2.conv2,gluon_resnet50_v1s,0.875,resnet
gluon_resnet101_v1b,44549160,421,33,104,1,33,1,104,0,1000,ImageNet-1K,49,layer3.7.conv2,gluon_resnet101_v1b,0.875,resnet
gluon_resnet101_v1c,44568392,428,33,106,1,33,1,106,0,1000,ImageNet-1K,51,layer3.7.conv2,gluon_resnet101_v1c,0.875,resnet
gluon_resnet101_v1d,44568392,432,33,106,1,33,4,106,0,1000,ImageNet-1K,42,layer3.4.conv2,gluon_resnet101_v1d,0.875,resnet
gluon_resnet101_v1s,44672936,428,33,106,1,33,1,106,0,1000,ImageNet-1K,51,layer3.7.conv2,gluon_resnet101_v1s,0.875,resnet
gluon_resnet152_v1b,60192808,625,50,155,1,50,1,155,0,1000,ImageNet-1K,67,layer3.9.conv2,gluon_resnet152_v1b,0.875,resnet
gluon_resnet152_v1c,60212040,632,50,157,1,50,1,157,0,1000,ImageNet-1K,69,layer3.9.conv2,gluon_resnet152_v1c,0.875,resnet
gluon_resnet152_v1d,60212040,636,50,157,1,50,4,157,0,1000,ImageNet-1K,60,layer3.6.conv2,gluon_resnet152_v1d,0.875,resnet
gluon_resnet152_v1s,60316584,632,50,157,1,50,1,157,0,1000,ImageNet-1K,69,layer3.9.conv2,gluon_resnet152_v1s,0.875,resnet
gluon_resnext50_32x4d,25028904,217,16,53,1,16,1,53,0,1000,ImageNet-1K,34,layer3.2.conv2,gluon_resnext50_32x4d,0.875,resnext
gluon_resnext101_32x4d,44177704,421,33,104,1,33,1,104,0,1000,ImageNet-1K,49,layer3.7.conv2,gluon_resnext101_32x4d,0.875,resnext
gluon_resnext101_64x4d,83455272,421,33,104,1,33,1,104,0,1000,ImageNet-1K,49,layer3.7.conv2,gluon_resnext101_64x4d,0.875,resnext
gluon_senet154,115088984,932,50,257,1,50,1,157,0,1000,ImageNet-1K,109,layer3.9.conv2,gluon_senet154,0.875,senet
gluon_seresnext50_32x4d,27559896,313,16,85,1,16,1,53,0,1000,ImageNet-1K,52,layer3.2.conv2,gluon_seresnext50_32x4d,0.875,resnext
gluon_seresnext101_32x4d,48955416,619,33,170,1,33,1,104,0,1000,ImageNet-1K,77,layer3.7.conv2,gluon_seresnext101_32x4d,0.875,resnext
gluon_seresnext101_64x4d,88232984,619,33,170,1,33,1,104,0,1000,ImageNet-1K,77,layer3.7.conv2,gluon_seresnext101_64x4d,0.875,resnext
gluon_xception65,39916312,442,0,132,1,0,0,132,0,1000,ImageNet-1K,52,mid.block8.rep.conv3.conv_dw,gluon_xception65,0.903,xception
gmixer_24_224,24721096,391,0,1,97,0,0,49,0,1000,ImageNet-1K,1,stem.proj,gmixer_24_224,0.875,mixer
gmlp_s16_224,19422656,367,0,1,91,0,0,61,0,1000,ImageNet-1K,1,stem.proj,gmlp_s16_224,0.875,gm
halo2botnet50ts_256,22635360,402,0,60,1,11,0,55,0,1000,ImageNet-1K,38,stages.2.2.conv2_kxk.conv,halo2botnet50ts_256,0.95,botnet
halonet26t,12480288,225,0,34,1,5,1,31,0,1000,ImageNet-1K,10,stages.0.1.conv2_kxk.conv,halonet26t,0.95,halonet
halonet50ts,22733280,403,0,60,1,11,1,55,0,1000,ImageNet-1K,38,stages.2.2.conv2_kxk.conv,halonet50ts,0.94,halonet
haloregnetz_b,11680072,592,0,107,1,17,1,68,0,1000,ImageNet-1K,33,stages.1.4.conv2_kxk.conv,haloregnetz_b,0.94,regnet
hardcorenas_a,5260232,219,0,51,1,0,0,34,0,1000,ImageNet-1K,21,blocks.3.0.conv_dw,hardcorenas_a,0.875,hardcorenas
hardcorenas_b,5176544,308,0,64,1,0,0,55,0,1000,ImageNet-1K,25,blocks.3.0.conv_dw,hardcorenas_b,0.875,hardcorenas
hardcorenas_c,5521224,316,0,68,1,0,0,55,0,1000,ImageNet-1K,25,blocks.3.0.conv_dw,hardcorenas_c,0.875,hardcorenas
hardcorenas_d,7500208,360,0,90,1,0,0,55,0,1000,ImageNet-1K,40,blocks.3.2.conv_dw,hardcorenas_d,0.875,hardcorenas
hardcorenas_e,8070992,341,0,85,1,0,0,52,0,1000,ImageNet-1K,40,blocks.3.1.conv_dw,hardcorenas_e,0.875,hardcorenas
hardcorenas_f,8199688,341,0,85,1,0,0,52,0,1000,ImageNet-1K,30,blocks.3.1.conv_dw,hardcorenas_f,0.875,hardcorenas
hrnet_w18,21299004,1533,112,325,1,8,0,325,0,1000,ImageNet-1K,311,incre_modules.1.0.conv2,hrnet_w18,0.875,hrnet
hrnet_w18_small,13187464,440,23,91,1,5,0,91,0,1000,ImageNet-1K,77,incre_modules.1.0.conv2,hrnet_w18_small,0.875,hrnet
hrnet_w18_small_v2,15597464,794,44,164,1,6,0,164,0,1000,ImageNet-1K,150,incre_modules.1.0.conv2,hrnet_w18_small_v2,0.875,hrnet
hrnet_w30,37712220,1533,112,325,1,8,0,325,0,1000,ImageNet-1K,311,incre_modules.1.0.conv2,hrnet_w30,0.875,hrnet
hrnet_w32,41232680,1533,112,325,1,8,0,325,0,1000,ImageNet-1K,311,incre_modules.1.0.conv2,hrnet_w32,0.875,hrnet
hrnet_w40,57557160,1533,112,325,1,8,0,325,0,1000,ImageNet-1K,311,incre_modules.1.0.conv2,hrnet_w40,0.875,hrnet
hrnet_w44,67064984,1533,112,325,1,8,0,325,0,1000,ImageNet-1K,311,incre_modules.1.0.conv2,hrnet_w44,0.875,hrnet
hrnet_w48,77469864,1533,112,325,1,8,0,325,0,1000,ImageNet-1K,311,incre_modules.1.0.conv2,hrnet_w48,0.875,hrnet
hrnet_w64,128059944,1533,112,325,1,8,0,325,0,1000,ImageNet-1K,311,incre_modules.1.0.conv2,hrnet_w64,0.875,hrnet
ig_resnext101_32x8d,88791336,421,33,104,1,33,1,104,0,1000,ImageNet-1K,49,layer3.7.conv2,ig_resnext101_32x8d,0.875,resnext
ig_resnext101_32x16d,194026792,421,33,104,1,33,1,104,0,1000,ImageNet-1K,49,layer3.7.conv2,ig_resnext101_32x16d,0.875,resnext
ig_resnext101_32x32d,468530472,421,33,104,1,33,1,104,0,1000,ImageNet-1K,49,layer3.7.conv2,ig_resnext101_32x32d,0.875,resnext
ig_resnext101_32x48d,828411176,421,33,104,1,33,1,104,0,1000,ImageNet-1K,49,layer3.7.conv2,ig_resnext101_32x48d,0.875,resnext
inception_resnet_v2,55843464,1008,0,244,1,0,5,204,0,1000,ImageNet-1K,183,repeat_1.18.branch1.2.conv,inception_resnet_v2,0.8975,inception_resnet
inception_v3,23834568,300,0,94,1,0,2,94,0,1000,ImageNet-1K,48,Mixed_6c.branch7x7dbl_2.conv,inception_v3,0.875,inception
inception_v4,42679816,680,0,149,1,0,18,149,0,1000,ImageNet-1K,84,features.14.branch2.3.conv,inception_v4,0.875,inception
jx_nest_base,67723368,385,0,3,97,0,2,51,48,1000,ImageNet-1K,2,levels.1.pool.conv,jx_nest_base,0.875,nest
jx_nest_small,38351176,385,0,3,97,0,2,51,48,1000,ImageNet-1K,2,levels.1.pool.conv,jx_nest_small,0.875,nest
jx_nest_tiny,17057608,205,0,3,49,0,2,27,24,1000,ImageNet-1K,2,levels.1.pool.conv,jx_nest_tiny,0.875,nest
lambda_resnet26rpt_256,10988688,225,0,31,1,5,2,37,0,1000,ImageNet-1K,10,stages.0.1.conv2_kxk.conv,lambda_resnet26rpt_256,0.94,resnet
lambda_resnet26t,10958272,228,0,31,1,5,2,37,0,1000,ImageNet-1K,10,stages.0.1.conv2_kxk.conv,lambda_resnet26t,0.94,resnet
lambda_resnet50ts,21536832,408,0,55,1,11,1,65,0,1000,ImageNet-1K,36,stages.2.2.conv2_kxk.conv,lambda_resnet50ts,0.95,resnet
lamhalobotnet50ts_256,22569824,404,0,58,1,11,0,59,0,1000,ImageNet-1K,36,stages.2.2.conv2_kxk.conv,lamhalobotnet50ts_256,0.95,botnet
lcnet_050,1880856,170,0,32,1,0,0,27,0,1000,ImageNet-1K,14,blocks.3.1.conv_dw,lcnet_050,0.875,lcnet
lcnet_075,2358288,170,0,32,1,0,0,27,0,1000,ImageNet-1K,14,blocks.3.1.conv_dw,lcnet_075,0.875,lcnet
lcnet_100,2953800,170,0,32,1,0,0,27,0,1000,ImageNet-1K,14,blocks.3.1.conv_dw,lcnet_100,0.875,lcnet
legacy_senet154,115088984,682,0,257,1,50,1,157,0,1000,ImageNet-1K,109,layer3.9.conv2,legacy_senet154,0.875,senet
legacy_seresnet18,11778592,111,0,36,1,0,1,20,0,1000,ImageNet-1K,26,layer3.1.conv2,legacy_seresnet18,0.875,resnet
legacy_seresnet34,21958868,199,0,68,1,0,1,36,0,1000,ImageNet-1K,45,layer3.3.conv1,legacy_seresnet34,0.875,resnet
legacy_seresnet50,28088024,234,0,85,1,16,1,53,0,1000,ImageNet-1K,57,layer3.3.conv2,legacy_seresnet50,0.875,resnet
legacy_seresnet101,49326872,455,0,170,1,33,1,104,0,1000,ImageNet-1K,77,layer3.7.conv2,legacy_seresnet101,0.875,resnet
legacy_seresnet152,66821848,676,0,255,1,50,1,155,0,1000,ImageNet-1K,107,layer3.9.conv2,legacy_seresnet152,0.875,resnet
legacy_seresnext26_32x4d,16790280,130,0,45,1,8,1,29,0,1000,ImageNet-1K,32,layer3.1.conv2,legacy_seresnext26_32x4d,0.875,resnext
legacy_seresnext50_32x4d,27559896,234,0,85,1,16,1,53,0,1000,ImageNet-1K,52,layer3.2.conv2,legacy_seresnext50_32x4d,0.875,resnext
legacy_seresnext101_32x4d,48955416,455,0,170,1,33,1,104,0,1000,ImageNet-1K,77,layer3.7.conv2,legacy_seresnext101_32x4d,0.875,resnext
levit_128,9213936,298,0,4,60,0,0,4,14,1000,ImageNet-1K,2,patch_embed.2.c,levit_128,0.9,levit
levit_128s,7777058,241,0,4,48,0,0,4,11,1000,ImageNet-1K,2,patch_embed.2.c,levit_128s,0.9,levit
levit_192,10947069,298,0,4,60,0,0,4,14,1000,ImageNet-1K,2,patch_embed.2.c,levit_192,0.9,levit
levit_256,18893876,298,0,4,60,0,0,4,14,1000,ImageNet-1K,2,patch_embed.2.c,levit_256,0.9,levit
levit_384,39128836,298,0,4,60,0,0,4,14,1000,ImageNet-1K,2,patch_embed.2.c,levit_384,0.9,levit
maxvit_nano_rw_256,15451148,458,0,40,57,0,4,51,28,1000,ImageNet-1K,15,stages.1.blocks.1.conv.conv2_kxk,maxvit_nano_rw_256,0.95,maxvit
maxvit_rmlp_nano_rw_256,15501452,556,0,40,85,0,4,51,28,1000,ImageNet-1K,15,stages.1.blocks.1.conv.conv2_kxk,maxvit_rmlp_nano_rw_256,0.95,maxvit
maxvit_rmlp_pico_rw_256,7515980,856,0,60,133,0,4,79,44,1000,ImageNet-1K,26,stages.2.blocks.0.conv.conv2_kxk,maxvit_rmlp_pico_rw_256,0.95,maxvit
maxvit_rmlp_tiny_rw_256,29148896,856,0,60,133,0,4,79,44,1000,ImageNet-1K,26,stages.2.blocks.0.conv.conv2_kxk,maxvit_rmlp_tiny_rw_256,0.95,maxvit
maxvit_tiny_rw_224,29057312,702,0,60,89,0,4,79,44,1000,ImageNet-1K,26,stages.2.blocks.0.conv.conv2_kxk,maxvit_tiny_rw_224,0.95,maxvit
mixer_b16_224,59880472,199,0,1,49,0,0,25,0,1000,ImageNet-1K,1,stem.proj,mixer_b16_224,0.875,mixer
mixer_b16_224_in21k,75908739,199,0,1,49,0,0,25,0,21843,ImageNet-21K,1,stem.proj,mixer_b16_224_in21k,0.875,mixer
mixer_b16_224_miil,59880472,199,0,1,49,0,0,25,0,1000,ImageNet-1K,1,stem.proj,mixer_b16_224_miil,0.875,mixer
mixer_b16_224_miil_in21k,67740421,199,0,1,49,0,0,25,0,11221,ImageNet-21K-P,1,stem.proj,mixer_b16_224_miil_in21k,0.875,mixer
mixer_l16_224,208196168,391,0,1,97,0,0,49,0,1000,ImageNet-1K,1,stem.proj,mixer_l16_224,0.875,mixer
mixer_l16_224_in21k,229560243,391,0,1,97,0,0,49,0,21843,ImageNet-21K,1,stem.proj,mixer_l16_224_in21k,0.875,mixer
mixnet_l,7329252,471,0,155,1,0,0,58,0,1000,ImageNet-1K,130,blocks.5.1.conv_dw.1,mixnet_l,0.875,mixnet
mixnet_m,5014382,471,0,155,1,0,0,58,0,1000,ImageNet-1K,130,blocks.5.1.conv_dw.1,mixnet_m,0.875,mixnet
mixnet_s,4134606,390,0,123,1,0,0,49,0,1000,ImageNet-1K,106,blocks.5.1.conv_dw.0,mixnet_s,0.875,mixnet
mixnet_xl,11896768,575,0,192,1,0,0,70,0,1000,ImageNet-1K,158,blocks.5.1.conv_dw.1,mixnet_xl,0.875,mixnet
mnasnet_100,4383312,272,0,52,1,0,0,52,0,1000,ImageNet-1K,26,blocks.3.1.conv_dw,mnasnet_100,0.875,nasnet
mnasnet_small,2030264,282,0,66,1,0,0,46,0,1000,ImageNet-1K,24,blocks.3.2.conv_dw,mnasnet_small,0.875,nasnet
mobilenetv2_050,1968680,272,0,52,1,0,0,52,0,1000,ImageNet-1K,23,blocks.3.1.conv_dw,mobilenetv2_050,0.875,mobilenet
mobilenetv2_100,3504872,272,0,52,1,0,0,52,0,1000,ImageNet-1K,23,blocks.3.1.conv_dw,mobilenetv2_100,0.875,mobilenet
mobilenetv2_110d,4516520,347,0,67,1,0,0,67,0,1000,ImageNet-1K,32,blocks.3.2.conv_dw,mobilenetv2_110d,0.875,mobilenet
mobilenetv2_120d,5831144,407,0,79,1,0,0,79,0,1000,ImageNet-1K,38,blocks.3.3.conv_dw,mobilenetv2_120d,0.875,mobilenet
mobilenetv2_140,6108776,272,0,52,1,0,0,52,0,1000,ImageNet-1K,23,blocks.3.1.conv_dw,mobilenetv2_140,0.875,mobilenet
mobilenetv3_large_100,5483032,279,0,63,1,0,0,46,0,1000,ImageNet-1K,29,blocks.3.1.conv_dw,mobilenetv3_large_100,0.875,mobilenet
mobilenetv3_large_100_miil,5483032,279,0,63,1,0,0,46,0,1000,ImageNet-1K,29,blocks.3.1.conv_dw,mobilenetv3_large_100_miil,0.875,mobilenet
mobilenetv3_large_100_miil_in21k,18576133,279,0,63,1,0,0,46,0,11221,ImageNet-21K-P,29,blocks.3.1.conv_dw,mobilenetv3_large_100_miil_in21k,0.875,mobilenet
mobilenetv3_rw,5479918,279,0,63,1,0,0,46,0,1000,ImageNet-1K,29,blocks.3.1.conv_dw,mobilenetv3_rw,0.875,mobilenet
mobilenetv3_small_050,1593224,222,0,53,1,0,0,34,0,1000,ImageNet-1K,23,blocks.2.2.conv_dw,mobilenetv3_small_050,0.875,mobilenet
mobilenetv3_small_075,2041872,222,0,53,1,0,0,34,0,1000,ImageNet-1K,23,blocks.2.2.conv_dw,mobilenetv3_small_075,0.875,mobilenet
mobilenetv3_small_100,2542856,222,0,53,1,0,0,34,0,1000,ImageNet-1K,23,blocks.2.2.conv_dw,mobilenetv3_small_100,0.875,mobilenet
mobilevit_s,5578632,391,0,35,37,7,0,53,9,1000,ImageNet-1K,22,stages.3.0.conv2_kxk.conv,mobilevit_s,0.9,levit
mobilevit_xs,2317848,391,0,35,37,7,0,53,9,1000,ImageNet-1K,22,stages.3.0.conv2_kxk.conv,mobilevit_xs,0.9,levit
mobilevit_xxs,1272024,392,0,35,37,7,0,53,9,1000,ImageNet-1K,22,stages.3.0.conv2_kxk.conv,mobilevit_xxs,0.9,levit
mobilevitv2_050,1370593,332,0,64,1,6,0,25,18,1000,ImageNet-1K,14,stages.2.1.conv_kxk.conv,mobilevitv2_050,0.888,levit
mobilevitv2_075,2866009,332,0,64,1,6,0,25,18,1000,ImageNet-1K,14,stages.2.1.conv_kxk.conv,mobilevitv2_075,0.888,levit
mobilevitv2_100,4901841,332,0,64,1,6,0,25,18,1000,ImageNet-1K,14,stages.2.1.conv_kxk.conv,mobilevitv2_100,0.888,levit
mobilevitv2_125,7478089,332,0,64,1,6,0,25,18,1000,ImageNet-1K,14,stages.2.1.conv_kxk.conv,mobilevitv2_125,0.888,levit
mobilevitv2_150,10594753,332,0,64,1,6,0,25,18,1000,ImageNet-1K,14,stages.2.1.conv_kxk.conv,mobilevitv2_150,0.888,levit
mobilevitv2_150_384_in22ft1k,10594753,332,0,64,1,6,0,25,18,1000,ImageNet-1K,14,stages.2.1.conv_kxk.conv,mobilevitv2_150_384_in22ft1k,1.0,levit
mobilevitv2_150_in22ft1k,10594753,332,0,64,1,6,0,25,18,1000,ImageNet-1K,14,stages.2.1.conv_kxk.conv,mobilevitv2_150_in22ft1k,0.888,levit
mobilevitv2_175,14251833,332,0,64,1,6,0,25,18,1000,ImageNet-1K,14,stages.2.1.conv_kxk.conv,mobilevitv2_175,0.888,levit
mobilevitv2_175_384_in22ft1k,14251833,332,0,64,1,6,0,25,18,1000,ImageNet-1K,14,stages.2.1.conv_kxk.conv,mobilevitv2_175_384_in22ft1k,1.0,levit
mobilevitv2_175_in22ft1k,14251833,332,0,64,1,6,0,25,18,1000,ImageNet-1K,14,stages.2.1.conv_kxk.conv,mobilevitv2_175_in22ft1k,0.888,levit
mobilevitv2_200,18449329,332,0,64,1,6,0,25,18,1000,ImageNet-1K,14,stages.2.1.conv_kxk.conv,mobilevitv2_200,0.888,levit
mobilevitv2_200_384_in22ft1k,18449329,332,0,64,1,6,0,25,18,1000,ImageNet-1K,14,stages.2.1.conv_kxk.conv,mobilevitv2_200_384_in22ft1k,1.0,levit
mobilevitv2_200_in22ft1k,18449329,332,0,64,1,6,0,25,18,1000,ImageNet-1K,14,stages.2.1.conv_kxk.conv,mobilevitv2_200_in22ft1k,0.888,levit
mvitv2_base,51472744,502,0,73,100,0,3,121,24,1000,ImageNet-1K,39,stages.2.blocks.6.attn.pool_v,mvitv2_base,0.9,mvit
mvitv2_large,217992952,982,0,145,196,0,3,241,48,1000,ImageNet-1K,66,stages.2.blocks.12.attn.pool_v,mvitv2_large,0.9,mvit
mvitv2_small,34870216,342,0,49,68,0,3,81,16,1000,ImageNet-1K,26,stages.2.blocks.4.attn.pool_k,mvitv2_small,0.9,mvit
mvitv2_tiny,24173320,222,0,31,44,0,3,51,10,1000,ImageNet-1K,21,stages.2.blocks.2.attn.pool_v,mvitv2_tiny,0.9,mvit
nasnetalarge,88753150,1505,0,488,1,0,78,264,0,1000,ImageNet-1K,389,cell_13.comb_iter_0_left.separable_1.depthwise_conv2d,nasnetalarge,0.911,nasnet
nf_regnet_b1,10223984,308,0,106,1,0,4,0,0,1000,ImageNet-1K,51,stages.2.3.conv2,nf_regnet_b1,0.9,regnet
nf_resnet50,25557032,157,0,53,1,0,4,0,0,1000,ImageNet-1K,28,stages.2.0.conv2,nf_resnet50,0.94,resnet
nfnet_l0,35074488,226,0,81,1,0,3,0,0,1000,ImageNet-1K,34,stages.2.1.conv2b,nfnet_l0,1.0,nfnet
pit_b_224,73764840,256,0,3,55,0,0,27,17,1000,ImageNet-1K,1,patch_embed.conv,pit_b_224,0.9,pit
pit_b_distilled_224,74790096,257,0,3,56,0,0,27,17,1000,ImageNet-1K,1,patch_embed.conv,pit_b_distilled_224,0.9,pit
pit_s_224,23461912,238,0,3,51,0,0,25,16,1000,ImageNet-1K,1,patch_embed.conv,pit_s_224,0.9,pit
pit_s_distilled_224,24039056,239,0,3,52,0,0,25,16,1000,ImageNet-1K,1,patch_embed.conv,pit_s_distilled_224,0.9,pit
pit_ti_224,4847272,238,0,3,51,0,0,25,16,1000,ImageNet-1K,1,patch_embed.conv,pit_ti_224,0.9,pit
pit_ti_distilled_224,5104336,239,0,3,52,0,0,25,16,1000,ImageNet-1K,1,patch_embed.conv,pit_ti_distilled_224,0.9,pit
pit_xs_224,10618888,238,0,3,51,0,0,25,16,1000,ImageNet-1K,1,patch_embed.conv,pit_xs_224,0.9,pit
pit_xs_distilled_224,11003984,239,0,3,52,0,0,25,16,1000,ImageNet-1K,1,patch_embed.conv,pit_xs_distilled_224,0.9,pit
pnasnet5large,86057668,1142,0,373,1,0,50,201,0,1000,ImageNet-1K,343,cell_9.comb_iter_2_left.separable_2.depthwise_conv2d,pnasnet5large,0.911,nasnet
poolformer_m36,56172520,488,0,76,1,0,36,0,0,1000,ImageNet-1K,14,network.1.proj,poolformer_m36,0.95,poolformer
poolformer_m48,73473448,644,0,100,1,0,48,0,0,1000,ImageNet-1K,18,network.1.proj,poolformer_m48,0.95,poolformer
poolformer_s12,11915176,176,0,28,1,0,12,0,0,1000,ImageNet-1K,6,network.1.proj,poolformer_s12,0.9,poolformer
poolformer_s24,21388968,332,0,52,1,0,24,0,0,1000,ImageNet-1K,10,network.1.proj,poolformer_s24,0.9,poolformer
poolformer_s36,30862760,488,0,76,1,0,36,0,0,1000,ImageNet-1K,14,network.1.proj,poolformer_s36,0.9,poolformer
pvt_v2_b0,3666760,175,0,18,41,0,0,30,13,1000,ImageNet-1K,15,stages.2.blocks.1.mlp.dwconv,pvt_v2_b0,0.9,pvt
pvt_v2_b1,14009000,175,0,18,41,0,0,30,13,1000,ImageNet-1K,15,stages.2.blocks.1.mlp.dwconv,pvt_v2_b1,0.9,pvt
pvt_v2_b2,25362856,325,0,33,81,0,0,53,21,1000,ImageNet-1K,29,stages.2.blocks.5.mlp.dwconv,pvt_v2_b2,0.9,pvt
pvt_v2_b2_li,22553512,363,0,36,81,0,0,56,21,1000,ImageNet-1K,17,stages.2.downsample.proj,pvt_v2_b2_li,0.9,pvt
pvt_v2_b3,45238696,553,0,57,141,0,0,89,33,1000,ImageNet-1K,53,stages.2.blocks.17.mlp.dwconv,pvt_v2_b3,0.9,pvt
pvt_v2_b4,62556072,800,0,83,206,0,0,128,46,1000,ImageNet-1K,79,stages.2.blocks.26.mlp.dwconv,pvt_v2_b4,0.9,pvt
pvt_v2_b5,81956008,1009,0,105,261,0,0,161,57,1000,ImageNet-1K,101,stages.2.blocks.39.mlp.dwconv,pvt_v2_b5,0.9,pvt
regnetv_040,20640640,475,0,115,1,22,0,66,0,1000,ImageNet-1K,61,s3.b4.conv2,regnetv_040,1.0,regnet
regnetv_064,30576052,546,0,130,1,25,4,75,0,1000,ImageNet-1K,56,s3.b2.conv2,regnetv_064,1.0,regnet
regnetx_002,2684792,293,13,44,1,13,0,44,0,1000,ImageNet-1K,28,s4.b2.conv2.conv,regnetx_002,0.875,regnet
regnetx_004,5157512,473,22,71,1,22,0,71,0,1000,ImageNet-1K,40,s4.b2.conv2.conv,regnetx_004,0.875,regnet
regnetx_006,6196040,353,16,53,1,16,0,53,0,1000,ImageNet-1K,33,s4.b1.conv2.conv,regnetx_006,0.875,regnet
regnetx_008,7259656,353,16,53,1,16,0,53,0,1000,ImageNet-1K,33,s3.b6.conv2.conv,regnetx_008,0.875,regnet
regnetx_016,9190136,393,18,59,1,18,0,59,0,1000,ImageNet-1K,33,s3.b4.conv2.conv,regnetx_016,0.875,regnet
regnetx_032,15296552,533,25,80,1,25,0,80,0,1000,ImageNet-1K,42,s3.b5.conv2.conv,regnetx_032,0.875,regnet
regnetx_040,22118248,493,23,74,1,23,0,74,0,1000,ImageNet-1K,36,s3.b4.conv2.conv,regnetx_040,0.875,regnet
regnetx_064,26209256,373,17,56,1,17,0,56,0,1000,ImageNet-1K,30,s3.b3.conv2.conv,regnetx_064,0.875,regnet
regnetx_080,39572648,493,23,74,1,23,0,74,0,1000,ImageNet-1K,36,s3.b4.conv2.conv,regnetx_080,0.875,regnet
regnetx_120,46106056,413,19,62,1,19,0,62,0,1000,ImageNet-1K,33,s3.b3.conv2.conv,regnetx_120,0.875,regnet
regnetx_160,54278536,473,22,71,1,22,0,71,0,1000,ImageNet-1K,36,s3.b3.conv2.conv,regnetx_160,0.875,regnet
regnetx_320,107811560,493,23,74,1,23,0,74,0,1000,ImageNet-1K,39,s3.b3.conv2.conv,regnetx_320,0.875,regnet
regnety_002,3162996,358,13,70,1,13,0,44,0,1000,ImageNet-1K,42,s4.b2.conv2.conv,regnety_002,0.875,regnet
regnety_004,4344144,433,16,85,1,16,0,53,0,1000,ImageNet-1K,56,s4.b1.conv2.conv,regnety_004,0.875,regnet
regnety_006,6055160,408,15,80,1,15,0,50,0,1000,ImageNet-1K,46,s3.b5.conv2.conv,regnety_006,0.875,regnet
regnety_008,6263168,383,14,75,1,14,0,47,0,1000,ImageNet-1K,36,s3.b3.conv2.conv,regnety_008,0.875,regnet
regnety_016,11202430,708,27,140,1,27,0,86,0,1000,ImageNet-1K,66,s3.b5.conv2.conv,regnety_016,0.875,regnet
regnety_032,19436338,558,21,110,1,21,0,68,0,1000,ImageNet-1K,51,s3.b3.conv2.conv,regnety_032,1.0,regnet
regnety_040,20646656,583,22,115,1,22,0,71,0,1000,ImageNet-1K,61,s3.b4.conv2.conv,regnety_040,1.0,regnet
regnety_064,30583252,658,25,130,1,25,0,80,0,1000,ImageNet-1K,66,s3.b4.conv2.conv,regnety_064,1.0,regnet
regnety_080,39180068,458,17,90,1,17,0,56,0,1000,ImageNet-1K,46,s3.b3.conv2.conv,regnety_080,1.0,regnet
regnety_120,51822544,508,19,100,1,19,0,62,0,1000,ImageNet-1K,51,s3.b3.conv2.conv,regnety_120,0.875,regnet
regnety_160,83590140,483,18,95,1,18,0,59,0,1000,ImageNet-1K,46,s3.b3.conv2.conv,regnety_160,1.0,regnet
regnety_320,145046770,533,20,105,1,20,0,65,0,1000,ImageNet-1K,51,s3.b3.conv2.conv,regnety_320,0.875,regnet
regnetz_040,27116800,713,28,141,1,28,0,85,0,1000,ImageNet-1K,58,s3.b4.conv2.conv,regnetz_040,1.0,regnet
regnetz_040h,28938880,717,28,142,1,28,0,86,0,1000,ImageNet-1K,58,s3.b4.conv2.conv,regnetz_040h,1.0,regnet
regnetz_b16,9715480,612,0,112,1,22,0,68,0,1000,ImageNet-1K,48,stages.2.1.conv2_kxk.conv,regnetz_b16,0.94,regnet
regnetz_c16,13459880,612,0,112,1,22,0,68,0,1000,ImageNet-1K,48,stages.2.1.conv2_kxk.conv,regnetz_c16,0.94,regnet
regnetz_c16_evos,13487816,476,0,112,1,22,0,0,0,1000,ImageNet-1K,48,stages.2.1.conv2_kxk.conv,regnetz_c16_evos,0.95,regnet
regnetz_d8,23373792,678,0,124,1,24,0,76,0,1000,ImageNet-1K,55,stages.2.1.conv2_kxk.conv,regnetz_d8,1.0,regnet
regnetz_d8_evos,23464296,526,0,124,1,24,0,0,0,1000,ImageNet-1K,55,stages.2.1.conv2_kxk.conv,regnetz_d8_evos,0.95,regnet
regnetz_d32,27576288,678,0,124,1,24,0,76,0,1000,ImageNet-1K,55,stages.2.1.conv2_kxk.conv,regnetz_d32,0.95,regnet
regnetz_e8,57698176,839,0,154,1,30,0,94,0,1000,ImageNet-1K,65,stages.2.1.conv2_kxk.conv,regnetz_e8,1.0,regnet
repvgg_a2,28210600,372,0,44,1,0,0,61,0,1000,ImageNet-1K,21,stages.2.3.conv_kxk.conv,repvgg_a2,0.875,vgg
repvgg_b0,15817960,474,0,56,1,0,0,79,0,1000,ImageNet-1K,29,stages.2.3.conv_kxk.conv,repvgg_b0,0.875,vgg
repvgg_b1,57415016,474,0,56,1,0,0,79,0,1000,ImageNet-1K,29,stages.2.3.conv_kxk.conv,repvgg_b1,0.875,vgg
repvgg_b1g4,39966056,474,0,56,1,0,0,79,0,1000,ImageNet-1K,29,stages.2.3.conv_kxk.conv,repvgg_b1g4,0.875,vgg
repvgg_b2,89022376,474,0,56,1,0,0,79,0,1000,ImageNet-1K,29,stages.2.3.conv_kxk.conv,repvgg_b2,0.875,vgg
repvgg_b2g4,61758376,474,0,56,1,0,0,79,0,1000,ImageNet-1K,29,stages.2.3.conv_kxk.conv,repvgg_b2g4,0.875,vgg
repvgg_b3,123085288,474,0,56,1,0,0,79,0,1000,ImageNet-1K,29,stages.2.3.conv_kxk.conv,repvgg_b3,0.875,vgg
repvgg_b3g4,83825128,474,0,56,1,0,0,79,0,1000,ImageNet-1K,29,stages.2.3.conv_kxk.conv,repvgg_b3g4,0.875,vgg
res2net50_14w_8s,25059816,381,0,149,1,0,5,149,0,1000,ImageNet-1K,136,layer4.1.convs.2,res2net50_14w_8s,0.875,res2net
res2net50_26w_4s,25699120,253,0,85,1,0,5,85,0,1000,ImageNet-1K,74,layer4.0.convs.2,res2net50_26w_4s,0.875,res2net
res2net50_26w_6s,37051448,317,0,117,1,0,5,117,0,1000,ImageNet-1K,107,layer4.1.convs.1,res2net50_26w_6s,0.875,res2net
res2net50_26w_8s,48403776,381,0,149,1,0,5,149,0,1000,ImageNet-1K,136,layer4.1.convs.2,res2net50_26w_8s,0.875,res2net
res2net50_48w_2s,25287304,189,0,53,1,0,5,53,0,1000,ImageNet-1K,34,layer3.2.convs.0,res2net50_48w_2s,0.875,res2net
res2net101_26w_4s,45206688,491,0,170,1,0,5,170,0,1000,ImageNet-1K,113,layer3.14.convs.1,res2net101_26w_4s,0.875,res2net
res2next50,24671464,253,0,85,1,0,5,85,0,1000,ImageNet-1K,74,layer4.0.convs.2,res2next50,0.875,res2next
resmlp_12_224,15350872,139,0,1,37,0,0,0,0,1000,ImageNet-1K,1,stem.proj,resmlp_12_224,0.875,resmlp
resmlp_12_224_dino,15350872,139,0,1,37,0,0,0,0,1000,ImageNet-1K,1,stem.proj,resmlp_12_224_dino,0.875,resmlp
resmlp_12_distilled_224,15350872,139,0,1,37,0,0,0,0,1000,ImageNet-1K,1,stem.proj,resmlp_12_distilled_224,0.875,resmlp
resmlp_24_224,30020680,271,0,1,73,0,0,0,0,1000,ImageNet-1K,1,stem.proj,resmlp_24_224,0.875,resmlp
resmlp_24_224_dino,30020680,271,0,1,73,0,0,0,0,1000,ImageNet-1K,1,stem.proj,resmlp_24_224_dino,0.875,resmlp
resmlp_24_distilled_224,30020680,271,0,1,73,0,0,0,0,1000,ImageNet-1K,1,stem.proj,resmlp_24_distilled_224,0.875,resmlp
resmlp_36_224,44690488,403,0,1,109,0,0,0,0,1000,ImageNet-1K,1,stem.proj,resmlp_36_224,0.875,resmlp
resmlp_36_distilled_224,44690488,403,0,1,109,0,0,0,0,1000,ImageNet-1K,1,stem.proj,resmlp_36_distilled_224,0.875,resmlp
resmlp_big_24_224,129138280,271,0,1,73,0,0,0,0,1000,ImageNet-1K,1,stem.proj,resmlp_big_24_224,0.875,resmlp
resmlp_big_24_224_in22ft1k,129138280,271,0,1,73,0,0,0,0,1000,ImageNet-1K,1,stem.proj,resmlp_big_24_224_in22ft1k,0.875,resmlp
resmlp_big_24_distilled_224,129138280,271,0,1,73,0,0,0,0,1000,ImageNet-1K,1,stem.proj,resmlp_big_24_distilled_224,0.875,resmlp
resnest14d,10611688,119,0,27,1,4,7,23,0,1000,ImageNet-1K,3,conv1.6,resnest14d,0.875,resnest
resnest26d,17069448,199,0,47,1,8,7,39,0,1000,ImageNet-1K,6,layer1.0.conv2.conv,resnest26d,0.875,resnest
resnest50d,27483240,359,0,87,1,16,7,71,0,1000,ImageNet-1K,17,layer1.2.conv2.conv,resnest50d,0.875,resnest
resnest50d_1s4x24d,25677000,359,0,87,1,16,7,71,0,1000,ImageNet-1K,17,layer1.2.conv2.conv,resnest50d_1s4x24d,0.875,resnest
resnest50d_4s2x40d,30417592,359,0,87,1,16,7,71,0,1000,ImageNet-1K,17,layer1.2.conv2.conv,resnest50d_4s2x40d,0.875,resnest
resnest101e,48275016,699,0,172,1,33,7,139,0,1000,ImageNet-1K,38,layer2.3.conv2.conv,resnest101e,0.875,resnest
resnest200e,70201544,1359,0,337,1,66,7,271,0,1000,ImageNet-1K,78,layer2.11.conv2.conv,resnest200e,0.909,resnest
resnest269e,110929480,1819,0,452,1,89,7,363,0,1000,ImageNet-1K,108,layer2.17.conv2.conv,resnest269e,0.928,resnest
resnet10t,5435488,68,4,14,1,0,4,14,0,1000,ImageNet-1K,8,layer2.0.conv2,resnet10t,0.875,resnet
resnet14t,10081632,84,4,19,1,4,4,19,0,1000,ImageNet-1K,6,layer1.0.conv2,resnet14t,0.875,resnet
resnet18,11689512,94,8,20,1,0,1,20,0,1000,ImageNet-1K,16,layer3.1.conv2,resnet18,0.875,resnet
resnet18d,11708744,104,8,22,1,0,4,22,0,1000,ImageNet-1K,13,layer2.1.conv2,resnet18d,0.875,resnet
resnet26,15995176,121,8,29,1,8,1,29,0,1000,ImageNet-1K,22,layer3.1.conv2,resnet26,0.875,resnet
resnet26d,16014408,132,8,31,1,8,4,31,0,1000,ImageNet-1K,17,layer2.1.conv2,resnet26d,0.875,resnet
resnet26t,16011872,132,8,31,1,8,4,31,0,1000,ImageNet-1K,17,layer2.1.conv2,resnet26t,0.94,resnet
resnet32ts,17963616,265,0,37,1,10,0,37,0,1000,ImageNet-1K,26,stages.2.1.conv2_kxk.conv,resnet32ts,0.9,resnet
resnet33ts,19676256,269,0,38,1,10,0,38,0,1000,ImageNet-1K,26,stages.2.1.conv2_kxk.conv,resnet33ts,0.9,resnet
resnet34,21797672,166,16,36,1,0,1,36,0,1000,ImageNet-1K,25,layer3.3.conv1,resnet34,0.875,resnet
resnet34d,21816904,176,16,38,1,0,4,38,0,1000,ImageNet-1K,21,layer3.0.conv2,resnet34d,0.875,resnet
resnet50,25557032,217,16,53,1,16,1,53,0,1000,ImageNet-1K,34,layer3.2.conv2,resnet50,0.95,resnet
resnet50_gn,25557032,217,16,53,1,16,1,0,0,1000,ImageNet-1K,34,layer3.2.conv2,resnet50_gn,0.94,resnet
resnet50d,25576264,228,16,55,1,16,4,55,0,1000,ImageNet-1K,29,layer3.0.conv2,resnet50d,0.875,resnet
resnet51q,35696920,398,0,57,1,16,0,55,0,1000,ImageNet-1K,39,stages.2.4.conv2_kxk.conv,resnet51q,1.0,resnet
resnet61q,36846968,434,0,67,1,14,0,67,0,1000,ImageNet-1K,43,stages.2.4.conv2_kxk.conv,resnet61q,1.0,resnet
resnet101,44549160,421,33,104,1,33,1,104,0,1000,ImageNet-1K,49,layer3.7.conv2,resnet101,0.95,resnet
resnet101d,44568392,432,33,106,1,33,4,106,0,1000,ImageNet-1K,42,layer3.4.conv2,resnet101d,1.0,resnet
resnet152,60192808,625,50,155,1,50,1,155,0,1000,ImageNet-1K,67,layer3.9.conv2,resnet152,0.95,resnet
resnet152d,60212040,636,50,157,1,50,4,157,0,1000,ImageNet-1K,60,layer3.6.conv2,resnet152d,1.0,resnet
resnet200d,64693064,828,66,205,1,66,4,205,0,1000,ImageNet-1K,89,layer3.0.conv2,resnet200d,1.0,resnet
resnetaa50,25557032,217,16,53,1,16,4,53,0,1000,ImageNet-1K,26,layer3.0.conv2,resnetaa50,0.875,resnet
resnetblur50,25557032,219,16,53,1,16,1,53,0,1000,ImageNet-1K,24,layer2.3.conv2,resnetblur50,0.875,resnet
resnetrs50,35691912,327,16,88,1,16,3,56,0,1000,ImageNet-1K,43,layer3.0.conv2,resnetrs50,0.91,resnet
resnetrs101,63618696,633,33,173,1,33,3,107,0,1000,ImageNet-1K,64,layer3.4.conv2,resnetrs101,0.94,resnet
resnetrs152,86621576,939,50,258,1,50,3,158,0,1000,ImageNet-1K,94,layer3.6.conv2,resnetrs152,1.0,resnet
resnetrs200,93209992,1227,66,338,1,66,3,206,0,1000,ImageNet-1K,143,layer3.0.conv2,resnetrs200,1.0,resnet
resnetrs270,129861448,1659,90,458,1,90,3,278,0,1000,ImageNet-1K,189,layer3.3.conv2,resnetrs270,1.0,resnet
resnetrs350,163956168,2127,116,588,1,116,3,356,0,1000,ImageNet-1K,234,layer3.5.conv2,resnetrs350,1.0,resnet
resnetrs420,191891656,2541,139,703,1,139,3,425,0,1000,ImageNet-1K,274,layer3.5.conv2,resnetrs420,1.0,resnet
resnetv2_50,25549352,258,0,54,0,16,1,49,0,1000,ImageNet-1K,37,stages.2.blocks.3.conv2,resnetv2_50,0.95,resnet
resnetv2_50d_evos,25591368,168,0,56,0,16,4,0,0,1000,ImageNet-1K,30,stages.2.blocks.0.conv2,resnetv2_50d_evos,0.95,resnet
resnetv2_50d_gn,25568584,270,0,56,0,16,4,0,0,1000,ImageNet-1K,30,stages.2.blocks.0.conv2,resnetv2_50d_gn,0.95,resnet
resnetv2_50x1_bit_distilled,25549352,259,0,54,0,16,1,0,0,1000,ImageNet-1K,37,stages.2.blocks.3.conv2,resnetv2_50x1_bit_distilled,0.875,resnet
resnetv2_50x1_bitm,25549352,259,0,54,0,16,1,0,0,1000,ImageNet-1K,37,stages.2.blocks.3.conv2,resnetv2_50x1_bitm,1.0,resnet
resnetv2_50x1_bitm_in21k,68256659,259,0,54,0,16,1,0,0,21843,ImageNet-21K,37,stages.2.blocks.3.conv2,resnetv2_50x1_bitm_in21k,0.875,resnet
resnetv2_50x3_bitm,217319080,259,0,54,0,16,1,0,0,1000,ImageNet-1K,37,stages.2.blocks.3.conv2,resnetv2_50x3_bitm,1.0,resnet
resnetv2_50x3_bitm_in21k,345399315,259,0,54,0,16,1,0,0,21843,ImageNet-21K,37,stages.2.blocks.3.conv2,resnetv2_50x3_bitm_in21k,0.875,resnet
resnetv2_101,44541480,496,0,105,0,33,1,100,0,1000,ImageNet-1K,49,stages.2.blocks.7.conv2,resnetv2_101,0.95,resnet
resnetv2_101x1_bitm,44541480,497,0,105,0,33,1,0,0,1000,ImageNet-1K,49,stages.2.blocks.7.conv2,resnetv2_101x1_bitm,1.0,resnet
resnetv2_101x1_bitm_in21k,87248787,496,0,105,0,33,1,0,0,21843,ImageNet-21K,49,stages.2.blocks.7.conv2,resnetv2_101x1_bitm_in21k,0.875,resnet
resnetv2_101x3_bitm,387934888,497,0,105,0,33,1,0,0,1000,ImageNet-1K,49,stages.2.blocks.7.conv2,resnetv2_101x3_bitm,1.0,resnet
resnetv2_101x3_bitm_in21k,516015123,497,0,105,0,33,1,0,0,21843,ImageNet-21K,49,stages.2.blocks.7.conv2,resnetv2_101x3_bitm_in21k,0.875,resnet
resnetv2_152x2_bit_teacher,236335208,735,0,156,0,50,1,0,0,1000,ImageNet-1K,67,stages.2.blocks.9.conv2,resnetv2_152x2_bit_teacher,0.875,resnet
resnetv2_152x2_bit_teacher_384,236335208,735,0,156,0,50,1,0,0,1000,ImageNet-1K,67,stages.2.blocks.9.conv2,resnetv2_152x2_bit_teacher_384,1.0,resnet
resnetv2_152x2_bitm,236335208,735,0,156,0,50,1,0,0,1000,ImageNet-1K,67,stages.2.blocks.9.conv2,resnetv2_152x2_bitm,1.0,resnet
resnetv2_152x2_bitm_in21k,321728979,735,0,156,0,50,1,0,0,21843,ImageNet-21K,67,stages.2.blocks.9.conv2,resnetv2_152x2_bitm_in21k,0.875,resnet
resnetv2_152x4_bitm,936533224,735,0,156,0,50,1,0,0,1000,ImageNet-1K,67,stages.2.blocks.9.conv2,resnetv2_152x4_bitm,1.0,resnet
resnetv2_152x4_bitm_in21k,1107299923,735,0,156,0,50,1,0,0,21843,ImageNet-21K,67,stages.2.blocks.9.conv2,resnetv2_152x4_bitm_in21k,0.875,resnet
resnext26ts,10297952,222,0,31,1,8,1,31,0,1000,ImageNet-1K,24,stages.2.1.conv2_kxk.conv,resnext26ts,0.9,resnext
resnext50_32x4d,25028904,217,16,53,1,16,1,53,0,1000,ImageNet-1K,34,layer3.2.conv2,resnext50_32x4d,0.95,resnext
resnext50d_32x4d,25048136,228,16,55,1,16,4,55,0,1000,ImageNet-1K,29,layer3.0.conv2,resnext50d_32x4d,0.875,resnext
resnext101_32x8d,88791336,421,33,104,1,33,1,104,0,1000,ImageNet-1K,49,layer3.7.conv2,resnext101_32x8d,0.875,resnext
resnext101_64x4d,83455272,421,33,104,1,33,1,104,0,1000,ImageNet-1K,49,layer3.7.conv2,resnext101_64x4d,1.0,resnext
rexnet_100,4796873,363,0,75,1,16,0,62,0,1000,ImageNet-1K,31,features.7.conv_dw.conv,rexnet_100,0.875,rexnet
rexnet_130,7557091,363,0,75,1,16,0,62,0,1000,ImageNet-1K,31,features.7.conv_dw.conv,rexnet_130,0.875,rexnet
rexnet_150,9728593,363,0,75,1,16,0,62,0,1000,ImageNet-1K,31,features.7.conv_dw.conv,rexnet_150,0.875,rexnet
rexnet_200,16366620,363,0,75,1,16,0,62,0,1000,ImageNet-1K,31,features.7.conv_dw.conv,rexnet_200,0.875,rexnet
sebotnet33ts_256,13701984,299,0,50,1,10,1,38,0,1000,ImageNet-1K,22,stages.1.1.conv2_kxk.conv,sebotnet33ts_256,0.94,botnet
sehalonet33ts,13691712,303,0,54,1,6,0,38,0,1000,ImageNet-1K,22,stages.1.1.conv2_kxk.conv,sehalonet33ts,0.94,halonet
selecsls42b,32458248,178,0,41,1,0,0,41,0,1000,ImageNet-1K,22,features.3.conv3.0,selecsls42b,0.875,selecsls
selecsls60,30670768,253,0,59,1,0,0,59,0,1000,ImageNet-1K,30,features.4.conv5.0,selecsls60,0.875,selecsls
selecsls60b,32774064,253,0,59,1,0,0,59,0,1000,ImageNet-1K,30,features.4.conv5.0,selecsls60b,0.875,selecsls
semnasnet_075,2912278,289,0,65,1,0,0,49,0,1000,ImageNet-1K,32,blocks.3.2.conv_dw,semnasnet_075,0.875,nasnet
semnasnet_100,3887038,289,0,65,1,0,0,49,0,1000,ImageNet-1K,32,blocks.3.2.conv_dw,semnasnet_100,0.875,nasnet
sequencer2d_l,54298216,521,0,4,109,0,0,73,72,1000,ImageNet-1K,1,stem.proj,sequencer2d_l,0.875,sequencer
sequencer2d_m,38307688,353,0,4,73,0,0,49,48,1000,ImageNet-1K,1,stem.proj,sequencer2d_m,0.875,sequencer
sequencer2d_s,27651688,269,0,4,55,0,0,37,36,1000,ImageNet-1K,1,stem.proj,sequencer2d_s,0.875,sequencer
seresnet33ts,19779200,319,0,58,1,10,0,38,0,1000,ImageNet-1K,38,stages.2.1.conv2_kxk.conv,seresnet33ts,0.9,resnet
seresnet50,28088024,313,16,85,1,16,1,53,0,1000,ImageNet-1K,52,layer3.2.conv2,seresnet50,0.875,resnet
seresnet152d,66841080,936,50,257,1,50,4,157,0,1000,ImageNet-1K,94,layer3.6.conv2,seresnet152d,1.0,resnet
seresnext26d_32x4d,16809512,180,8,47,1,8,4,31,0,1000,ImageNet-1K,23,layer2.1.conv2,seresnext26d_32x4d,0.875,resnext
seresnext26t_32x4d,16806976,180,8,47,1,8,4,31,0,1000,ImageNet-1K,23,layer2.1.conv2,seresnext26t_32x4d,0.875,resnext
seresnext26ts,10388064,262,0,47,1,8,1,31,0,1000,ImageNet-1K,34,stages.2.1.conv2_kxk.conv,seresnext26ts,0.9,resnext
seresnext50_32x4d,27559896,313,16,85,1,16,1,53,0,1000,ImageNet-1K,52,layer3.2.conv2,seresnext50_32x4d,0.875,resnext
seresnext101_32x8d,93569048,619,33,170,1,33,1,104,0,1000,ImageNet-1K,77,layer3.7.conv2,seresnext101_32x8d,1.0,resnext
seresnext101d_32x8d,93588280,630,33,172,1,33,4,106,0,1000,ImageNet-1K,64,layer3.4.conv2,seresnext101d_32x8d,1.0,resnext
seresnextaa101d_32x8d,93588280,630,33,172,1,33,7,106,0,1000,ImageNet-1K,32,layer2.2.conv2,seresnextaa101d_32x8d,1.0,resnext
skresnet18,11958056,230,0,44,1,0,1,36,0,1000,ImageNet-1K,36,layer4.0.conv1.paths.1.conv,skresnet18,0.875,resnet
skresnet34,22282376,438,0,84,1,0,1,68,0,1000,ImageNet-1K,70,layer4.0.conv1.paths.0.conv,skresnet34,0.875,resnet
skresnext50_32x4d,27479784,521,0,101,1,16,1,85,0,1000,ImageNet-1K,80,layer3.5.conv2.paths.1.conv,skresnext50_32x4d,0.875,resnext
spnasnet_100,4421616,332,0,64,1,0,0,64,0,1000,ImageNet-1K,35,blocks.3.3.conv_dw,spnasnet_100,0.875,nasnet
ssl_resnet18,11689512,94,8,20,1,0,1,20,0,1000,ImageNet-1K,16,layer3.1.conv2,ssl_resnet18,0.875,resnet
ssl_resnet50,25557032,217,16,53,1,16,1,53,0,1000,ImageNet-1K,34,layer3.2.conv2,ssl_resnet50,0.875,resnet
ssl_resnext50_32x4d,25028904,217,16,53,1,16,1,53,0,1000,ImageNet-1K,34,layer3.2.conv2,ssl_resnext50_32x4d,0.875,resnext
ssl_resnext101_32x4d,44177704,421,33,104,1,33,1,104,0,1000,ImageNet-1K,49,layer3.7.conv2,ssl_resnext101_32x4d,0.875,resnext
ssl_resnext101_32x8d,88791336,421,33,104,1,33,1,104,0,1000,ImageNet-1K,49,layer3.7.conv2,ssl_resnext101_32x8d,0.875,resnext
ssl_resnext101_32x16d,194026792,421,33,104,1,33,1,104,0,1000,ImageNet-1K,49,layer3.7.conv2,ssl_resnext101_32x16d,0.875,resnext
swin_base_patch4_window7_224,87768224,409,0,1,100,0,0,53,49,1000,ImageNet-1K,1,patch_embed.proj,swin_base_patch4_window7_224,0.9,swin
swin_base_patch4_window7_224_in22k,109130249,409,0,1,100,0,0,53,49,21841,ImageNet-21K,1,patch_embed.proj,swin_base_patch4_window7_224_in22k,0.9,swin
swin_base_patch4_window12_384,87903584,409,0,1,100,0,0,53,49,1000,ImageNet-1K,1,patch_embed.proj,swin_base_patch4_window12_384,1.0,swin
swin_base_patch4_window12_384_in22k,109265609,409,0,1,100,0,0,53,49,21841,ImageNet-21K,1,patch_embed.proj,swin_base_patch4_window12_384_in22k,1.0,swin
swin_large_patch4_window7_224,196532476,409,0,1,100,0,0,53,49,1000,ImageNet-1K,1,patch_embed.proj,swin_large_patch4_window7_224,0.9,swin
swin_large_patch4_window7_224_in22k,228565093,409,0,1,100,0,0,53,49,21841,ImageNet-21K,1,patch_embed.proj,swin_large_patch4_window7_224_in22k,0.9,swin
swin_large_patch4_window12_384,196735516,409,0,1,100,0,0,53,49,1000,ImageNet-1K,1,patch_embed.proj,swin_large_patch4_window12_384,1.0,swin
swin_large_patch4_window12_384_in22k,228768133,409,0,1,100,0,0,53,49,21841,ImageNet-21K,1,patch_embed.proj,swin_large_patch4_window12_384_in22k,1.0,swin
swin_s3_base_224,71125762,601,0,1,148,0,0,77,73,1000,ImageNet-1K,1,patch_embed.proj,swin_s3_base_224,0.9,swin
swin_s3_small_224,49737298,409,0,1,100,0,0,53,49,1000,ImageNet-1K,1,patch_embed.proj,swin_s3_small_224,0.9,swin
swin_s3_tiny_224,28328674,217,0,1,52,0,0,29,25,1000,ImageNet-1K,1,patch_embed.proj,swin_s3_tiny_224,0.9,swin
swin_small_patch4_window7_224,49606258,409,0,1,100,0,0,53,49,1000,ImageNet-1K,1,patch_embed.proj,swin_small_patch4_window7_224,0.9,swin
swin_tiny_patch4_window7_224,28288354,217,0,1,52,0,0,29,25,1000,ImageNet-1K,1,patch_embed.proj,swin_tiny_patch4_window7_224,0.9,swin
swinv2_base_window8_256,87918816,530,0,1,148,0,0,53,49,1000,ImageNet-1K,1,patch_embed.proj,swinv2_base_window8_256,0.9,swin
swinv2_base_window12_192_22k,109280841,530,0,1,148,0,0,53,49,21841,ImageNet-21K,1,patch_embed.proj,swinv2_base_window12_192_22k,0.9,swin
swinv2_base_window12to16_192to256_22kft1k,87918816,530,0,1,148,0,0,53,49,1000,ImageNet-1K,1,patch_embed.proj,swinv2_base_window12to16_192to256_22kft1k,0.9,swin
swinv2_base_window12to24_192to384_22kft1k,87918816,530,0,1,148,0,0,53,49,1000,ImageNet-1K,1,patch_embed.proj,swinv2_base_window12to24_192to384_22kft1k,1.0,swin
swinv2_base_window16_256,87918816,530,0,1,148,0,0,53,49,1000,ImageNet-1K,1,patch_embed.proj,swinv2_base_window16_256,0.9,swin
swinv2_cr_small_224,49695100,576,0,1,148,0,0,53,53,1000,ImageNet-1K,1,patch_embed.proj,swinv2_cr_small_224,0.9,swin
swinv2_cr_small_ns_224,49696444,576,0,1,148,0,0,56,53,1000,ImageNet-1K,1,patch_embed.proj,swinv2_cr_small_ns_224,0.9,swin
swinv2_cr_tiny_ns_224,28333468,300,0,1,76,0,0,32,29,1000,ImageNet-1K,1,patch_embed.proj,swinv2_cr_tiny_ns_224,0.9,swin
swinv2_large_window12_192_22k,228772549,530,0,1,148,0,0,53,49,21841,ImageNet-21K,1,patch_embed.proj,swinv2_large_window12_192_22k,0.9,swin
swinv2_large_window12to16_192to256_22kft1k,196739932,530,0,1,148,0,0,53,49,1000,ImageNet-1K,1,patch_embed.proj,swinv2_large_window12to16_192to256_22kft1k,0.9,swin
swinv2_large_window12to24_192to384_22kft1k,196739932,530,0,1,148,0,0,53,49,1000,ImageNet-1K,1,patch_embed.proj,swinv2_large_window12to24_192to384_22kft1k,1.0,swin
swinv2_small_window8_256,49728418,530,0,1,148,0,0,53,49,1000,ImageNet-1K,1,patch_embed.proj,swinv2_small_window8_256,0.9,swin
swinv2_small_window16_256,49728418,530,0,1,148,0,0,53,49,1000,ImageNet-1K,1,patch_embed.proj,swinv2_small_window16_256,0.9,swin
swinv2_tiny_window8_256,28347154,278,0,1,76,0,0,29,25,1000,ImageNet-1K,1,patch_embed.proj,swinv2_tiny_window8_256,0.9,swin
swinv2_tiny_window16_256,28347154,278,0,1,76,0,0,29,25,1000,ImageNet-1K,1,patch_embed.proj,swinv2_tiny_window16_256,0.9,swin
swsl_resnet18,11689512,94,8,20,1,0,1,20,0,1000,ImageNet-1K,16,layer3.1.conv2,swsl_resnet18,0.875,resnet
swsl_resnet50,25557032,217,16,53,1,16,1,53,0,1000,ImageNet-1K,34,layer3.2.conv2,swsl_resnet50,0.875,resnet
swsl_resnext50_32x4d,25028904,217,16,53,1,16,1,53,0,1000,ImageNet-1K,34,layer3.2.conv2,swsl_resnext50_32x4d,0.875,resnext
swsl_resnext101_32x4d,44177704,421,33,104,1,33,1,104,0,1000,ImageNet-1K,49,layer3.7.conv2,swsl_resnext101_32x4d,0.875,resnext
swsl_resnext101_32x8d,88791336,421,33,104,1,33,1,104,0,1000,ImageNet-1K,49,layer3.7.conv2,swsl_resnext101_32x8d,0.875,resnext
swsl_resnext101_32x16d,194026792,421,33,104,1,33,1,104,0,1000,ImageNet-1K,49,layer3.7.conv2,swsl_resnext101_32x16d,0.875,resnext
tf_efficientnet_b0,5288548,321,0,81,1,0,0,49,0,1000,ImageNet-1K,42,blocks.4.0.conv_dw,tf_efficientnet_b0,0.875,efficientnet
tf_efficientnet_b0_ap,5288548,321,0,81,1,0,0,49,0,1000,ImageNet-1K,42,blocks.4.0.conv_dw,tf_efficientnet_b0_ap,0.875,efficientnet
tf_efficientnet_b0_ns,5288548,321,0,81,1,0,0,49,0,1000,ImageNet-1K,42,blocks.4.0.conv_dw,tf_efficientnet_b0_ns,0.875,efficientnet
tf_efficientnet_b1,7794184,450,0,115,1,0,0,69,0,1000,ImageNet-1K,61,blocks.4.0.conv_dw,tf_efficientnet_b1,0.882,efficientnet
tf_efficientnet_b1_ap,7794184,450,0,115,1,0,0,69,0,1000,ImageNet-1K,61,blocks.4.0.conv_dw,tf_efficientnet_b1_ap,0.882,efficientnet
tf_efficientnet_b1_ns,7794184,450,0,115,1,0,0,69,0,1000,ImageNet-1K,61,blocks.4.0.conv_dw,tf_efficientnet_b1_ns,0.882,efficientnet
tf_efficientnet_b2,9109994,450,0,115,1,0,0,69,0,1000,ImageNet-1K,61,blocks.4.0.conv_dw,tf_efficientnet_b2,0.89,efficientnet
tf_efficientnet_b2_ap,9109994,450,0,115,1,0,0,69,0,1000,ImageNet-1K,61,blocks.4.0.conv_dw,tf_efficientnet_b2_ap,0.89,efficientnet
tf_efficientnet_b2_ns,9109994,450,0,115,1,0,0,69,0,1000,ImageNet-1K,61,blocks.4.0.conv_dw,tf_efficientnet_b2_ns,0.89,efficientnet
tf_efficientnet_b3,12233232,507,0,130,1,0,0,78,0,1000,ImageNet-1K,71,blocks.4.1.conv_dw,tf_efficientnet_b3,0.904,efficientnet
tf_efficientnet_b3_ap,12233232,507,0,130,1,0,0,78,0,1000,ImageNet-1K,71,blocks.4.1.conv_dw,tf_efficientnet_b3_ap,0.904,efficientnet
tf_efficientnet_b3_ns,12233232,507,0,130,1,0,0,78,0,1000,ImageNet-1K,71,blocks.4.1.conv_dw,tf_efficientnet_b3_ns,0.904,efficientnet
tf_efficientnet_b4,19341616,621,0,160,1,0,0,96,0,1000,ImageNet-1K,86,blocks.4.1.conv_dw,tf_efficientnet_b4,0.922,efficientnet
tf_efficientnet_b4_ap,19341616,621,0,160,1,0,0,96,0,1000,ImageNet-1K,86,blocks.4.1.conv_dw,tf_efficientnet_b4_ap,0.922,efficientnet
tf_efficientnet_b4_ns,19341616,621,0,160,1,0,0,96,0,1000,ImageNet-1K,86,blocks.4.1.conv_dw,tf_efficientnet_b4_ns,0.922,efficientnet
tf_efficientnet_b5,30389784,750,0,194,1,0,0,116,0,1000,ImageNet-1K,105,blocks.4.1.conv_dw,tf_efficientnet_b5,0.934,efficientnet
tf_efficientnet_b5_ap,30389784,750,0,194,1,0,0,116,0,1000,ImageNet-1K,105,blocks.4.1.conv_dw,tf_efficientnet_b5_ap,0.934,efficientnet
tf_efficientnet_b5_ns,30389784,750,0,194,1,0,0,116,0,1000,ImageNet-1K,105,blocks.4.1.conv_dw,tf_efficientnet_b5_ns,0.934,efficientnet
tf_efficientnet_b6,43040704,864,0,224,1,0,0,134,0,1000,ImageNet-1K,120,blocks.4.1.conv_dw,tf_efficientnet_b6,0.942,efficientnet
tf_efficientnet_b6_ap,43040704,864,0,224,1,0,0,134,0,1000,ImageNet-1K,120,blocks.4.1.conv_dw,tf_efficientnet_b6_ap,0.942,efficientnet
tf_efficientnet_b6_ns,43040704,864,0,224,1,0,0,134,0,1000,ImageNet-1K,120,blocks.4.1.conv_dw,tf_efficientnet_b6_ns,0.942,efficientnet
tf_efficientnet_b7,66347960,1050,0,273,1,0,0,163,0,1000,ImageNet-1K,149,blocks.4.2.conv_dw,tf_efficientnet_b7,0.949,efficientnet
tf_efficientnet_b7_ap,66347960,1050,0,273,1,0,0,163,0,1000,ImageNet-1K,149,blocks.4.2.conv_dw,tf_efficientnet_b7_ap,0.949,efficientnet
tf_efficientnet_b7_ns,66347960,1050,0,273,1,0,0,163,0,1000,ImageNet-1K,149,blocks.4.2.conv_dw,tf_efficientnet_b7_ns,0.949,efficientnet
tf_efficientnet_b8,87413142,1164,0,303,1,0,0,181,0,1000,ImageNet-1K,164,blocks.4.2.conv_dw,tf_efficientnet_b8,0.954,efficientnet
tf_efficientnet_b8_ap,87413142,1164,0,303,1,0,0,181,0,1000,ImageNet-1K,164,blocks.4.2.conv_dw,tf_efficientnet_b8_ap,0.954,efficientnet
tf_efficientnet_cc_b0_4e,13314116,329,0,57,9,0,0,49,0,1000,ImageNet-1K,17,blocks.2.0.conv_dw,tf_efficientnet_cc_b0_4e,0.875,efficientnet
tf_efficientnet_cc_b0_8e,24013284,329,0,57,9,0,0,49,0,1000,ImageNet-1K,17,blocks.2.0.conv_dw,tf_efficientnet_cc_b0_8e,0.875,efficientnet
tf_efficientnet_cc_b1_8e,39715968,461,0,82,12,0,0,69,0,1000,ImageNet-1K,26,blocks.2.0.conv_dw,tf_efficientnet_cc_b1_8e,0.882,efficientnet
tf_efficientnet_el,10589712,381,0,72,1,0,0,72,0,1000,ImageNet-1K,31,blocks.3.2.conv_dw,tf_efficientnet_el,0.904,efficientnet
tf_efficientnet_em,6899496,340,0,64,1,0,0,64,0,1000,ImageNet-1K,29,blocks.3.2.conv_dw,tf_efficientnet_em,0.882,efficientnet
tf_efficientnet_es,5438392,262,0,49,1,0,0,49,0,1000,ImageNet-1K,20,blocks.3.1.conv_dw,tf_efficientnet_es,0.875,efficientnet
tf_efficientnet_l2_ns,480309308,1669,0,436,1,0,0,260,0,1000,ImageNet-1K,237,blocks.4.4.conv_dw,tf_efficientnet_l2_ns,0.96,efficientnet
tf_efficientnet_l2_ns_475,480309308,1669,0,436,1,0,0,260,0,1000,ImageNet-1K,237,blocks.4.4.conv_dw,tf_efficientnet_l2_ns_475,0.936,efficientnet
tf_efficientnet_lite0,4652008,257,0,49,1,0,0,49,0,1000,ImageNet-1K,26,blocks.4.0.conv_dw,tf_efficientnet_lite0,0.875,efficientnet
tf_efficientnet_lite1,5416680,332,0,64,1,0,0,64,0,1000,ImageNet-1K,35,blocks.4.0.conv_dw,tf_efficientnet_lite1,0.882,efficientnet
tf_efficientnet_lite2,6092072,332,0,64,1,0,0,64,0,1000,ImageNet-1K,35,blocks.4.0.conv_dw,tf_efficientnet_lite2,0.89,efficientnet
tf_efficientnet_lite3,8197096,377,0,73,1,0,0,73,0,1000,ImageNet-1K,38,blocks.4.0.conv_dw,tf_efficientnet_lite3,0.904,efficientnet
tf_efficientnet_lite4,13006568,467,0,91,1,0,0,91,0,1000,ImageNet-1K,50,blocks.4.1.conv_dw,tf_efficientnet_lite4,0.92,efficientnet
tf_efficientnetv2_b0,7139704,374,0,91,1,0,0,59,0,1000,ImageNet-1K,32,blocks.4.1.conv_dw,tf_efficientnetv2_b0,0.875,efficientnet
tf_efficientnetv2_b1,8141052,459,0,111,1,0,0,73,0,1000,ImageNet-1K,37,blocks.4.0.conv_dw,tf_efficientnetv2_b1,0.882,efficientnet
tf_efficientnetv2_b2,10096086,478,0,116,1,0,0,76,0,1000,ImageNet-1K,42,blocks.4.1.conv_dw,tf_efficientnetv2_b2,0.89,efficientnet
tf_efficientnetv2_b3,14358406,554,0,136,1,0,0,88,0,1000,ImageNet-1K,47,blocks.4.1.conv_dw,tf_efficientnetv2_b3,0.904,efficientnet
tf_efficientnetv2_l,118515272,1358,0,339,1,0,0,217,0,1000,ImageNet-1K,125,blocks.4.8.conv_dw,tf_efficientnetv2_l,1.0,efficientnet
tf_efficientnetv2_l_in21ft1k,118515272,1358,0,339,1,0,0,217,0,1000,ImageNet-1K,125,blocks.4.8.conv_dw,tf_efficientnetv2_l_in21ft1k,1.0,efficientnet
tf_efficientnetv2_l_in21k,145215155,1358,0,339,1,0,0,217,0,21843,ImageNet-21K,125,blocks.4.8.conv_dw,tf_efficientnetv2_l_in21k,1.0,efficientnet
tf_efficientnetv2_m,54139356,985,0,245,1,0,0,157,0,1000,ImageNet-1K,91,blocks.4.6.conv_dw,tf_efficientnetv2_m,1.0,efficientnet
tf_efficientnetv2_m_in21ft1k,54139356,985,0,245,1,0,0,157,0,1000,ImageNet-1K,91,blocks.4.6.conv_dw,tf_efficientnetv2_m_in21ft1k,1.0,efficientnet
tf_efficientnetv2_m_in21k,80839239,985,0,245,1,0,0,157,0,21843,ImageNet-21K,91,blocks.4.6.conv_dw,tf_efficientnetv2_m_in21k,1.0,efficientnet
tf_efficientnetv2_s,21458488,690,0,170,1,0,0,110,0,1000,ImageNet-1K,61,blocks.4.2.conv_dw,tf_efficientnetv2_s,1.0,efficientnet
tf_efficientnetv2_s_in21ft1k,21458488,690,0,170,1,0,0,110,0,1000,ImageNet-1K,61,blocks.4.2.conv_dw,tf_efficientnetv2_s_in21ft1k,1.0,efficientnet
tf_efficientnetv2_s_in21k,48158371,690,0,170,1,0,0,110,0,21843,ImageNet-21K,61,blocks.4.2.conv_dw,tf_efficientnetv2_s_in21k,1.0,efficientnet
tf_efficientnetv2_xl_in21ft1k,208119808,1741,0,438,1,0,0,278,0,1000,ImageNet-1K,159,blocks.4.8.conv_dw,tf_efficientnetv2_xl_in21ft1k,1.0,efficientnet
tf_efficientnetv2_xl_in21k,234819691,1741,0,438,1,0,0,278,0,21843,ImageNet-21K,159,blocks.4.8.conv_dw,tf_efficientnetv2_xl_in21k,1.0,efficientnet
tf_inception_v3,23834568,300,0,94,1,0,2,94,0,1000,ImageNet-1K,48,Mixed_6c.branch7x7dbl_2.conv,tf_inception_v3,0.875,inception
tf_mixnet_l,7329252,471,0,155,1,0,0,58,0,1000,ImageNet-1K,130,blocks.5.1.conv_dw.1,tf_mixnet_l,0.875,mixnet
tf_mixnet_m,5014382,471,0,155,1,0,0,58,0,1000,ImageNet-1K,130,blocks.5.1.conv_dw.1,tf_mixnet_m,0.875,mixnet
tf_mixnet_s,4134606,390,0,123,1,0,0,49,0,1000,ImageNet-1K,106,blocks.5.1.conv_dw.0,tf_mixnet_s,0.875,mixnet
tf_mobilenetv3_large_075,3993528,279,0,63,1,0,0,46,0,1000,ImageNet-1K,29,blocks.3.1.conv_dw,tf_mobilenetv3_large_075,0.875,mobilenet
tf_mobilenetv3_large_100,5483032,279,0,63,1,0,0,46,0,1000,ImageNet-1K,29,blocks.3.1.conv_dw,tf_mobilenetv3_large_100,0.875,mobilenet
tf_mobilenetv3_large_minimal_100,3924288,247,0,47,1,0,0,46,0,1000,ImageNet-1K,23,blocks.3.1.conv_dw,tf_mobilenetv3_large_minimal_100,0.875,mobilenet
tf_mobilenetv3_small_075,2041872,222,0,53,1,0,0,34,0,1000,ImageNet-1K,23,blocks.2.2.conv_dw,tf_mobilenetv3_small_075,0.875,mobilenet
tf_mobilenetv3_small_100,2542856,222,0,53,1,0,0,34,0,1000,ImageNet-1K,23,blocks.2.2.conv_dw,tf_mobilenetv3_small_100,0.875,mobilenet
tf_mobilenetv3_small_minimal_100,2044736,186,0,35,1,0,0,34,0,1000,ImageNet-1K,14,blocks.2.1.conv_dw,tf_mobilenetv3_small_minimal_100,0.875,mobilenet
tinynet_a,6187972,378,0,96,1,0,0,58,0,1000,ImageNet-1K,47,blocks.4.0.conv_dw,tinynet_a,0.875,tinynet
tinynet_b,3730562,321,0,81,1,0,0,49,0,1000,ImageNet-1K,42,blocks.4.0.conv_dw,tinynet_b,0.875,tinynet
tinynet_c,2457234,302,0,76,1,0,0,46,0,1000,ImageNet-1K,42,blocks.4.0.conv_dw,tinynet_c,0.875,tinynet
tinynet_d,2338446,226,0,56,1,0,0,34,0,1000,ImageNet-1K,27,blocks.4.0.conv_dw,tinynet_d,0.875,tinynet
tinynet_e,2042972,207,0,51,1,0,0,31,0,1000,ImageNet-1K,27,blocks.4.0.conv_dw,tinynet_e,0.875,tinynet
tnt_s_patch16_224,23755336,395,0,1,134,0,0,63,24,1000,ImageNet-1K,1,pixel_embed.proj,tnt_s_patch16_224,0.9,tnt
tresnet_l,55989256,502,30,139,1,21,3,0,0,1000,ImageNet-1K,18,body.layer2.0.conv1.0.0,tresnet_l,0.875,resnet
tresnet_l_448,55989256,502,30,139,1,21,3,0,0,1000,ImageNet-1K,18,body.layer2.0.conv1.0.0,tresnet_l_448,0.875,resnet
tresnet_m,31389032,355,21,96,1,14,3,0,0,1000,ImageNet-1K,11,body.layer1.2.conv2.0,tresnet_m,0.875,resnet
tresnet_m_448,31389032,355,21,96,1,14,3,0,0,1000,ImageNet-1K,11,body.layer1.2.conv2.0,tresnet_m_448,0.875,resnet
tresnet_m_miil_in21k,52331861,355,21,96,1,14,3,0,0,11221,ImageNet-21K-P,11,body.layer1.2.conv2.0,tresnet_m_miil_in21k,0.875,resnet
tresnet_v2_l,46174824,584,33,164,1,33,3,0,0,1000,ImageNet-1K,35,body.layer2.3.conv2.0,tresnet_v2_l,0.875,resnet
tresnet_xl,78436244,604,36,169,1,27,3,0,0,1000,ImageNet-1K,19,body.layer2.0.conv2.0,tresnet_xl,0.875,resnet
tresnet_xl_448,78436244,604,36,169,1,27,3,0,0,1000,ImageNet-1K,19,body.layer2.0.conv2.0,tresnet_xl_448,0.875,resnet
tv_densenet121,7978856,558,0,120,1,0,4,121,0,1000,ImageNet-1K,29,features.denseblock2.denselayer7.conv2,tv_densenet121,0.875,densenet
tv_resnet34,21797672,166,16,36,1,0,1,36,0,1000,ImageNet-1K,25,layer3.3.conv1,tv_resnet34,0.875,resnet
tv_resnet50,25557032,217,16,53,1,16,1,53,0,1000,ImageNet-1K,34,layer3.2.conv2,tv_resnet50,0.875,resnet
tv_resnet101,44549160,421,33,104,1,33,1,104,0,1000,ImageNet-1K,49,layer3.7.conv2,tv_resnet101,0.875,resnet
tv_resnet152,60192808,625,50,155,1,50,1,155,0,1000,ImageNet-1K,67,layer3.9.conv2,tv_resnet152,0.875,resnet
tv_resnext50_32x4d,25028904,217,16,53,1,16,1,53,0,1000,ImageNet-1K,34,layer3.2.conv2,tv_resnext50_32x4d,0.875,resnext
twins_pcpvt_base,43828456,537,0,33,141,0,0,86,0,1000,ImageNet-1K,30,pos_block.0.proj.0,twins_pcpvt_base,0.9,twins
twins_pcpvt_large,60989672,771,0,46,206,0,0,125,0,1000,ImageNet-1K,43,pos_block.0.proj.0,twins_pcpvt_large,0.9,twins
twins_pcpvt_small,24106216,321,0,21,81,0,0,50,0,1000,ImageNet-1K,18,pos_block.0.proj.0,twins_pcpvt_small,0.9,twins
twins_svt_base,56070952,433,0,19,109,0,0,64,0,1000,ImageNet-1K,16,pos_block.0.proj.0,twins_svt_base,0.9,twins
twins_svt_large,99271400,433,0,19,109,0,0,64,0,1000,ImageNet-1K,16,pos_block.0.proj.0,twins_svt_large,0.9,twins
twins_svt_small,24060776,332,0,15,82,0,0,48,0,1000,ImageNet-1K,12,pos_block.0.proj.0,twins_svt_small,0.9,twins
vgg11,132863336,35,0,10,1,0,5,0,0,1000,ImageNet-1K,10,features.15,vgg11,0.875,vgg
vgg11_bn,132868840,43,0,10,1,0,5,8,0,1000,ImageNet-1K,10,features.21,vgg11_bn,0.875,vgg
vgg13,133047848,39,0,12,1,0,5,0,0,1000,ImageNet-1K,12,features.19,vgg13,0.875,vgg
vgg13_bn,133053736,49,0,12,1,0,5,10,0,1000,ImageNet-1K,12,features.27,vgg13_bn,0.875,vgg
vgg16,138357544,45,0,15,1,0,5,0,0,1000,ImageNet-1K,14,features.23,vgg16,0.875,vgg
vgg16_bn,138365992,58,0,15,1,0,5,13,0,1000,ImageNet-1K,14,features.33,vgg16_bn,0.875,vgg
vgg19,143667240,51,0,18,1,0,5,0,0,1000,ImageNet-1K,15,features.25,vgg19,0.875,vgg
vgg19_bn,143678248,67,0,18,1,0,5,16,0,1000,ImageNet-1K,15,features.36,vgg19_bn,0.875,vgg
visformer_small,40219592,220,0,57,1,0,0,28,8,1000,ImageNet-1K,7,stage1.1.mlp.conv2,visformer_small,0.9,visformer
vit_base_patch8_224,86576872,226,0,1,49,0,0,25,13,1000,ImageNet-1K,1,patch_embed.proj,vit_base_patch8_224,0.9,vit
vit_base_patch8_224_dino,85807872,226,0,1,48,0,0,25,13,768,ImageNet-1K,1,patch_embed.proj,vit_base_patch8_224_dino,0.9,vit
vit_base_patch8_224_in21k,102605139,226,0,1,49,0,0,25,13,21843,ImageNet-21K,1,patch_embed.proj,vit_base_patch8_224_in21k,0.9,vit
vit_base_patch16_224,86567656,226,0,1,49,0,0,25,13,1000,ImageNet-1K,1,patch_embed.proj,vit_base_patch16_224,0.9,vit
vit_base_patch16_224_dino,85798656,226,0,1,48,0,0,25,13,768,ImageNet-1K,1,patch_embed.proj,vit_base_patch16_224_dino,0.9,vit
vit_base_patch16_224_in21k,102595923,226,0,1,49,0,0,25,13,21843,ImageNet-21K,1,patch_embed.proj,vit_base_patch16_224_in21k,0.9,vit
vit_base_patch16_224_miil,86540008,226,0,1,49,0,0,25,13,1000,ImageNet-1K,1,patch_embed.proj,vit_base_patch16_224_miil,0.875,vit
vit_base_patch16_224_miil_in21k,94399957,226,0,1,49,0,0,25,13,11221,ImageNet-21K-P,1,patch_embed.proj,vit_base_patch16_224_miil_in21k,0.875,vit
vit_base_patch16_224_sam,86567656,226,0,1,49,0,0,25,13,1000,ImageNet-1K,1,patch_embed.proj,vit_base_patch16_224_sam,0.9,vit
vit_base_patch16_384,86859496,226,0,1,49,0,0,25,13,1000,ImageNet-1K,1,patch_embed.proj,vit_base_patch16_384,1.0,vit
vit_base_patch16_rpn_224,86538472,202,0,1,49,0,0,25,13,1000,ImageNet-1K,1,patch_embed.proj,vit_base_patch16_rpn_224,0.9,vit
vit_base_patch32_224,88224232,226,0,1,49,0,0,25,13,1000,ImageNet-1K,1,patch_embed.proj,vit_base_patch32_224,0.9,vit
vit_base_patch32_224_clip_laion2b,87849728,226,0,1,49,0,0,26,13,512,LAION-2B,1,patch_embed.proj,vit_base_patch32_224_clip_laion2b,0.9,vit
vit_base_patch32_224_in21k,104252499,226,0,1,49,0,0,25,13,21843,ImageNet-21K,1,patch_embed.proj,vit_base_patch32_224_in21k,0.9,vit
vit_base_patch32_224_sam,88224232,226,0,1,49,0,0,25,13,1000,ImageNet-1K,1,patch_embed.proj,vit_base_patch32_224_sam,0.9,vit
vit_base_patch32_384,88297192,226,0,1,49,0,0,25,13,1000,ImageNet-1K,1,patch_embed.proj,vit_base_patch32_384,1.0,vit
vit_base_r50_s16_224_in21k,114687379,501,16,53,49,16,1,25,13,21843,ImageNet-21K,31,patch_embed.backbone.stages.2.blocks.1.conv2,vit_base_r50_s16_224_in21k,0.9,vit
vit_base_r50_s16_384,98950952,501,16,53,49,16,1,25,13,1000,ImageNet-1K,31,patch_embed.backbone.stages.2.blocks.1.conv2,vit_base_r50_s16_384,1.0,vit
vit_giant_patch14_224_clip_laion2b,1012646656,730,0,1,161,0,0,82,41,1024,LAION-2B,1,patch_embed.proj,vit_giant_patch14_224_clip_laion2b,0.9,vit
vit_huge_patch14_224_clip_laion2b,632077824,586,0,1,129,0,0,66,33,1024,LAION-2B,1,patch_embed.proj,vit_huge_patch14_224_clip_laion2b,0.9,vit
vit_huge_patch14_224_in21k,658745683,586,0,1,129,0,0,65,33,21843,ImageNet-21K,1,patch_embed.proj,vit_huge_patch14_224_in21k,0.9,vit
vit_large_patch14_224_clip_laion2b,303966976,442,0,1,97,0,0,50,25,768,ImageNet-1K,1,patch_embed.proj,vit_large_patch14_224_clip_laion2b,0.9,vit
vit_large_patch16_224,304326632,442,0,1,97,0,0,49,25,1000,ImageNet-1K,1,patch_embed.proj,vit_large_patch16_224,0.9,vit
vit_large_patch16_224_in21k,325690707,442,0,1,97,0,0,49,25,21843,ImageNet-21K,1,patch_embed.proj,vit_large_patch16_224_in21k,0.9,vit
vit_large_patch16_384,304715752,442,0,1,97,0,0,49,25,1000,ImageNet-1K,1,patch_embed.proj,vit_large_patch16_384,1.0,vit
vit_large_patch32_224_in21k,327899475,442,0,1,97,0,0,49,25,21843,ImageNet-21K,1,patch_embed.proj,vit_large_patch32_224_in21k,0.9,vit
vit_large_patch32_384,306632680,442,0,1,97,0,0,49,25,1000,ImageNet-1K,1,patch_embed.proj,vit_large_patch32_384,1.0,vit
vit_large_r50_s32_224,328994856,724,16,54,97,16,1,49,25,1000,ImageNet-1K,37,patch_embed.backbone.stages.2.blocks.3.conv2,vit_large_r50_s32_224,0.9,vit
vit_large_r50_s32_224_in21k,350358931,724,16,54,97,16,1,49,25,21843,ImageNet-21K,37,patch_embed.backbone.stages.2.blocks.3.conv2,vit_large_r50_s32_224_in21k,0.9,vit
vit_large_r50_s32_384,329092136,724,16,54,97,16,1,49,25,1000,ImageNet-1K,37,patch_embed.backbone.stages.2.blocks.3.conv2,vit_large_r50_s32_384,1.0,vit
vit_relpos_base_patch16_224,86429560,320,0,1,73,0,0,25,13,1000,ImageNet-1K,1,patch_embed.proj,vit_relpos_base_patch16_224,0.9,relpos
vit_relpos_base_patch16_clsgap_224,86430328,320,0,1,73,0,0,25,13,1000,ImageNet-1K,1,patch_embed.proj,vit_relpos_base_patch16_clsgap_224,0.9,relpos
vit_relpos_base_patch32_plus_rpn_256,119423760,296,0,1,73,0,0,25,13,1000,ImageNet-1K,1,patch_embed.proj,vit_relpos_base_patch32_plus_rpn_256,0.9,relpos
vit_relpos_medium_patch16_224,38747208,320,0,1,73,0,0,25,13,1000,ImageNet-1K,1,patch_embed.proj,vit_relpos_medium_patch16_224,0.9,relpos
vit_relpos_medium_patch16_cls_224,38764616,320,0,1,73,0,0,25,13,1000,ImageNet-1K,1,patch_embed.proj,vit_relpos_medium_patch16_cls_224,0.9,relpos
vit_relpos_medium_patch16_rpn_224,38734920,296,0,1,73,0,0,25,13,1000,ImageNet-1K,1,patch_embed.proj,vit_relpos_medium_patch16_rpn_224,0.9,relpos
vit_relpos_small_patch16_224,21983920,320,0,1,73,0,0,25,13,1000,ImageNet-1K,1,patch_embed.proj,vit_relpos_small_patch16_224,0.9,relpos
vit_small_patch8_224_dino,21670272,226,0,1,48,0,0,25,13,384,ImageNet-1K,1,patch_embed.proj,vit_small_patch8_224_dino,0.9,vit
vit_small_patch16_224,22050664,226,0,1,49,0,0,25,13,1000,ImageNet-1K,1,patch_embed.proj,vit_small_patch16_224,0.9,vit
vit_small_patch16_224_dino,21665664,226,0,1,48,0,0,25,13,384,ImageNet-1K,1,patch_embed.proj,vit_small_patch16_224_dino,0.9,vit
vit_small_patch16_224_in21k,30075219,226,0,1,49,0,0,25,13,21843,ImageNet-21K,1,patch_embed.proj,vit_small_patch16_224_in21k,0.9,vit
vit_small_patch16_384,22196584,226,0,1,49,0,0,25,13,1000,ImageNet-1K,1,patch_embed.proj,vit_small_patch16_384,1.0,vit
vit_small_patch32_224,22878952,226,0,1,49,0,0,25,13,1000,ImageNet-1K,1,patch_embed.proj,vit_small_patch32_224,0.9,vit
vit_small_patch32_224_in21k,30903507,226,0,1,49,0,0,25,13,21843,ImageNet-21K,1,patch_embed.proj,vit_small_patch32_224_in21k,0.9,vit
vit_small_patch32_384,22915432,226,0,1,49,0,0,25,13,1000,ImageNet-1K,1,patch_embed.proj,vit_small_patch32_384,1.0,vit
vit_small_r26_s32_224,36431912,388,8,30,49,8,1,25,13,1000,ImageNet-1K,22,patch_embed.backbone.stages.2.blocks.1.conv2,vit_small_r26_s32_224,0.9,vit
vit_small_r26_s32_224_in21k,44456467,388,8,30,49,8,1,25,13,21843,ImageNet-21K,22,patch_embed.backbone.stages.2.blocks.1.conv2,vit_small_r26_s32_224_in21k,0.9,vit
vit_small_r26_s32_384,36468392,388,8,30,49,8,1,25,13,1000,ImageNet-1K,22,patch_embed.backbone.stages.2.blocks.1.conv2,vit_small_r26_s32_384,1.0,vit
vit_srelpos_medium_patch16_224,38735856,232,0,1,51,0,0,25,13,1000,ImageNet-1K,1,patch_embed.proj,vit_srelpos_medium_patch16_224,0.9,relpos
vit_srelpos_small_patch16_224,21973486,232,0,1,51,0,0,25,13,1000,ImageNet-1K,1,patch_embed.proj,vit_srelpos_small_patch16_224,0.9,relpos
vit_tiny_patch16_224,5717416,226,0,1,49,0,0,25,13,1000,ImageNet-1K,1,patch_embed.proj,vit_tiny_patch16_224,0.9,vit
vit_tiny_patch16_224_in21k,9740115,226,0,1,49,0,0,25,13,21843,ImageNet-21K,1,patch_embed.proj,vit_tiny_patch16_224_in21k,0.9,vit
vit_tiny_patch16_384,5790376,226,0,1,49,0,0,25,13,1000,ImageNet-1K,1,patch_embed.proj,vit_tiny_patch16_384,1.0,vit
vit_tiny_r_s16_p8_224,6337704,231,0,2,49,0,1,25,13,1000,ImageNet-1K,2,patch_embed.backbone.pool,vit_tiny_r_s16_p8_224,0.9,vit
vit_tiny_r_s16_p8_224_in21k,10360403,231,0,2,49,0,1,25,13,21843,ImageNet-21K,2,patch_embed.backbone.pool,vit_tiny_r_s16_p8_224_in21k,0.9,vit
vit_tiny_r_s16_p8_384,6355944,231,0,2,49,0,1,25,13,1000,ImageNet-1K,2,patch_embed.backbone.pool,vit_tiny_r_s16_p8_384,1.0,vit
volo_d1_224,26632040,339,0,5,88,0,4,44,34,1000,ImageNet-1K,1,patch_embed.conv.0,volo_d1_224,0.96,volo
volo_d1_384,26777960,339,0,5,88,0,4,44,34,1000,ImageNet-1K,1,patch_embed.conv.0,volo_d1_384,1.0,volo
volo_d2_224,58678336,435,0,5,114,0,6,56,44,1000,ImageNet-1K,1,patch_embed.conv.0,volo_d2_224,0.96,volo
volo_d2_384,58872896,435,0,5,114,0,6,56,44,1000,ImageNet-1K,1,patch_embed.conv.0,volo_d2_384,1.0,volo
volo_d3_224,86325072,621,0,5,164,0,8,80,66,1000,ImageNet-1K,1,patch_embed.conv.0,volo_d3_224,0.96,volo
volo_d3_448,86626128,621,0,5,164,0,8,80,66,1000,ImageNet-1K,1,patch_embed.conv.0,volo_d3_448,1.0,volo
volo_d4_224,192961520,621,0,5,164,0,8,80,66,1000,ImageNet-1K,1,patch_embed.conv.0,volo_d4_224,0.96,volo
volo_d4_448,193413104,621,0,5,164,0,8,80,66,1000,ImageNet-1K,1,patch_embed.conv.0,volo_d4_448,1.15,volo
volo_d5_224,295455584,813,0,5,216,0,12,104,86,1000,ImageNet-1K,1,patch_embed.conv.0,volo_d5_224,0.96,volo
volo_d5_448,295907168,813,0,5,216,0,12,104,86,1000,ImageNet-1K,1,patch_embed.conv.0,volo_d5_448,1.15,volo
volo_d5_512,296091488,813,0,5,216,0,12,104,86,1000,ImageNet-1K,1,patch_embed.conv.0,volo_d5_512,1.15,volo
wide_resnet50_2,68883240,217,16,53,1,16,1,53,0,1000,ImageNet-1K,34,layer3.2.conv2,wide_resnet50_2,0.875,resnet
wide_resnet101_2,126886696,421,33,104,1,33,1,104,0,1000,ImageNet-1K,49,layer3.7.conv2,wide_resnet101_2,0.875,resnet
xception,22855952,216,0,74,1,0,4,40,0,1000,ImageNet-1K,35,block6.rep.4.conv1,xception,0.8975,xception
xception41,26969560,375,0,84,1,0,0,84,0,1000,ImageNet-1K,40,blocks.5.stack.conv3.conv_dw,xception41,0.903,xception
xception41p,26907752,302,0,84,1,0,0,40,0,1000,ImageNet-1K,40,blocks.5.stack.conv3.conv_dw,xception41p,0.94,xception
xception65,39916312,583,0,132,1,0,0,132,0,1000,ImageNet-1K,52,blocks.7.stack.conv3.conv_dw,xception65,0.94,xception
xception65p,39819560,478,0,132,1,0,0,64,0,1000,ImageNet-1K,52,blocks.7.stack.conv3.conv_dw,xception65p,0.94,xception
xception71,42338736,645,0,146,1,0,0,146,0,1000,ImageNet-1K,64,blocks.9.stack.conv2.conv_dw,xception71,0.903,xception
xcit_large_24_p8_224,188932648,559,0,52,109,0,0,104,2,1000,ImageNet-1K,15,blocks.5.local_mp.conv1,xcit_large_24_p8_224,1.0,xcit
xcit_large_24_p8_224_dist,188932648,559,0,52,109,0,0,104,2,1000,ImageNet-1K,15,blocks.5.local_mp.conv1,xcit_large_24_p8_224_dist,1.0,xcit
xcit_large_24_p8_384_dist,188932648,559,0,52,109,0,0,104,2,1000,ImageNet-1K,15,blocks.5.local_mp.conv1,xcit_large_24_p8_384_dist,1.0,xcit
xcit_large_24_p16_224,189096136,563,0,53,109,0,0,105,2,1000,ImageNet-1K,16,blocks.5.local_mp.conv1,xcit_large_24_p16_224,1.0,xcit
xcit_large_24_p16_224_dist,189096136,563,0,53,109,0,0,105,2,1000,ImageNet-1K,16,blocks.5.local_mp.conv1,xcit_large_24_p16_224_dist,1.0,xcit
xcit_large_24_p16_384_dist,189096136,563,0,53,109,0,0,105,2,1000,ImageNet-1K,16,blocks.5.local_mp.conv1,xcit_large_24_p16_384_dist,1.0,xcit
xcit_medium_24_p8_224,84323624,559,0,52,109,0,0,104,2,1000,ImageNet-1K,15,blocks.5.local_mp.conv1,xcit_medium_24_p8_224,1.0,xcit
xcit_medium_24_p8_224_dist,84323624,559,0,52,109,0,0,104,2,1000,ImageNet-1K,15,blocks.5.local_mp.conv1,xcit_medium_24_p8_224_dist,1.0,xcit
xcit_medium_24_p8_384_dist,84323624,559,0,52,109,0,0,104,2,1000,ImageNet-1K,15,blocks.5.local_mp.conv1,xcit_medium_24_p8_384_dist,1.0,xcit
xcit_medium_24_p16_224,84395752,563,0,53,109,0,0,105,2,1000,ImageNet-1K,16,blocks.5.local_mp.conv1,xcit_medium_24_p16_224,1.0,xcit
xcit_medium_24_p16_224_dist,84395752,563,0,53,109,0,0,105,2,1000,ImageNet-1K,16,blocks.5.local_mp.conv1,xcit_medium_24_p16_224_dist,1.0,xcit
xcit_medium_24_p16_384_dist,84395752,563,0,53,109,0,0,105,2,1000,ImageNet-1K,16,blocks.5.local_mp.conv1,xcit_medium_24_p16_384_dist,1.0,xcit
xcit_nano_12_p8_224,3049016,307,0,28,61,0,0,56,2,1000,ImageNet-1K,9,blocks.2.local_mp.conv1,xcit_nano_12_p8_224,1.0,xcit
xcit_nano_12_p8_224_dist,3049016,307,0,28,61,0,0,56,2,1000,ImageNet-1K,9,blocks.2.local_mp.conv1,xcit_nano_12_p8_224_dist,1.0,xcit
xcit_nano_12_p8_384_dist,3049016,307,0,28,61,0,0,56,2,1000,ImageNet-1K,9,blocks.2.local_mp.conv1,xcit_nano_12_p8_384_dist,1.0,xcit
xcit_nano_12_p16_224,3053224,311,0,29,61,0,0,57,2,1000,ImageNet-1K,10,blocks.2.local_mp.conv1,xcit_nano_12_p16_224,1.0,xcit
xcit_nano_12_p16_224_dist,3053224,311,0,29,61,0,0,57,2,1000,ImageNet-1K,10,blocks.2.local_mp.conv1,xcit_nano_12_p16_224_dist,1.0,xcit
xcit_nano_12_p16_384_dist,3053224,311,0,29,61,0,0,57,2,1000,ImageNet-1K,10,blocks.2.local_mp.conv1,xcit_nano_12_p16_384_dist,1.0,xcit
xcit_small_12_p8_224,26213032,307,0,28,61,0,0,56,2,1000,ImageNet-1K,9,blocks.2.local_mp.conv1,xcit_small_12_p8_224,1.0,xcit
xcit_small_12_p8_224_dist,26213032,307,0,28,61,0,0,56,2,1000,ImageNet-1K,9,blocks.2.local_mp.conv1,xcit_small_12_p8_224_dist,1.0,xcit
xcit_small_12_p8_384_dist,26213032,307,0,28,61,0,0,56,2,1000,ImageNet-1K,9,blocks.2.local_mp.conv1,xcit_small_12_p8_384_dist,1.0,xcit
xcit_small_12_p16_224,26253304,311,0,29,61,0,0,57,2,1000,ImageNet-1K,10,blocks.2.local_mp.conv1,xcit_small_12_p16_224,1.0,xcit
xcit_small_12_p16_224_dist,26253304,311,0,29,61,0,0,57,2,1000,ImageNet-1K,10,blocks.2.local_mp.conv1,xcit_small_12_p16_224_dist,1.0,xcit
xcit_small_12_p16_384_dist,26253304,311,0,29,61,0,0,57,2,1000,ImageNet-1K,10,blocks.2.local_mp.conv1,xcit_small_12_p16_384_dist,1.0,xcit
xcit_small_24_p8_224,47631112,559,0,52,109,0,0,104,2,1000,ImageNet-1K,15,blocks.5.local_mp.conv1,xcit_small_24_p8_224,1.0,xcit
xcit_small_24_p8_224_dist,47631112,559,0,52,109,0,0,104,2,1000,ImageNet-1K,15,blocks.5.local_mp.conv1,xcit_small_24_p8_224_dist,1.0,xcit
xcit_small_24_p8_384_dist,47631112,559,0,52,109,0,0,104,2,1000,ImageNet-1K,15,blocks.5.local_mp.conv1,xcit_small_24_p8_384_dist,1.0,xcit
xcit_small_24_p16_224,47671384,563,0,53,109,0,0,105,2,1000,ImageNet-1K,16,blocks.5.local_mp.conv1,xcit_small_24_p16_224,1.0,xcit
xcit_small_24_p16_224_dist,47671384,563,0,53,109,0,0,105,2,1000,ImageNet-1K,16,blocks.5.local_mp.conv1,xcit_small_24_p16_224_dist,1.0,xcit
xcit_small_24_p16_384_dist,47671384,563,0,53,109,0,0,105,2,1000,ImageNet-1K,16,blocks.5.local_mp.conv1,xcit_small_24_p16_384_dist,1.0,xcit
xcit_tiny_12_p8_224,6706504,307,0,28,61,0,0,56,2,1000,ImageNet-1K,9,blocks.2.local_mp.conv1,xcit_tiny_12_p8_224,1.0,xcit
xcit_tiny_12_p8_224_dist,6706504,307,0,28,61,0,0,56,2,1000,ImageNet-1K,9,blocks.2.local_mp.conv1,xcit_tiny_12_p8_224_dist,1.0,xcit
xcit_tiny_12_p8_384_dist,6706504,307,0,28,61,0,0,56,2,1000,ImageNet-1K,9,blocks.2.local_mp.conv1,xcit_tiny_12_p8_384_dist,1.0,xcit
xcit_tiny_12_p16_224,6716272,311,0,29,61,0,0,57,2,1000,ImageNet-1K,10,blocks.2.local_mp.conv1,xcit_tiny_12_p16_224,1.0,xcit
xcit_tiny_12_p16_224_dist,6716272,311,0,29,61,0,0,57,2,1000,ImageNet-1K,10,blocks.2.local_mp.conv1,xcit_tiny_12_p16_224_dist,1.0,xcit
xcit_tiny_12_p16_384_dist,6716272,311,0,29,61,0,0,57,2,1000,ImageNet-1K,10,blocks.2.local_mp.conv1,xcit_tiny_12_p16_384_dist,1.0,xcit
xcit_tiny_24_p8_224,12107128,559,0,52,109,0,0,104,2,1000,ImageNet-1K,15,blocks.5.local_mp.conv1,xcit_tiny_24_p8_224,1.0,xcit
xcit_tiny_24_p8_224_dist,12107128,559,0,52,109,0,0,104,2,1000,ImageNet-1K,15,blocks.5.local_mp.conv1,xcit_tiny_24_p8_224_dist,1.0,xcit
xcit_tiny_24_p8_384_dist,12107128,559,0,52,109,0,0,104,2,1000,ImageNet-1K,15,blocks.5.local_mp.conv1,xcit_tiny_24_p8_384_dist,1.0,xcit
xcit_tiny_24_p16_224,12116896,563,0,53,109,0,0,105,2,1000,ImageNet-1K,16,blocks.5.local_mp.conv1,xcit_tiny_24_p16_224,1.0,xcit
xcit_tiny_24_p16_224_dist,12116896,563,0,53,109,0,0,105,2,1000,ImageNet-1K,16,blocks.5.local_mp.conv1,xcit_tiny_24_p16_224_dist,1.0,xcit
xcit_tiny_24_p16_384_dist,12116896,563,0,53,109,0,0,105,2,1000,ImageNet-1K,16,blocks.5.local_mp.conv1,xcit_tiny_24_p16_384_dist,1.0,xcit
